duration,packet_count,total_bytes,packets_per_second,bytes_per_second,syn_count,syn_ratio,ack_count,rst_count,udp_count
1.0447458643210732,31,18298.363677226305,29.672287834463276,17514.655288075704,0,0.0,19,1,4
0.35629819049155853,31,17866.75948799671,87.00577445322293,50145.5240716975,3,0.0967741935483871,14,1,5
1.4923632788756966,44,27900.913809337777,29.48343786182432,18695.79224058469,3,0.06818181818181818,27,0,9
1.7375077747324745,34,29384.429129590826,19.568257762319945,16911.825982542825,2,0.058823529411764705,16,1,6
0.17190244369108773,34,24466.1535632926,197.78660076001427,142325.8043222398,2,0.058823529411764705,23,1,11
0.2888800856596001,39,30628.69012717152,135.0041139421268,106025.61979042969,3,0.07692307692307693,25,0,8
0.9068958383020786,28,14829.510813387,30.87454900269755,16351.944939069646,3,0.10714285714285714,16,1,5
0.6357219009827871,29,19340.227700752665,45.617431073505216,30422.465658102792,1,0.034482758620689655,13,0,7
0.8077998787083492,29,24815.484994308066,35.89998063179984,30719.842436702733,1,0.034482758620689655,19,0,7
0.41377408518448544,23,19713.103176851957,55.58588810545062,47642.189017378085,0,0.0,10,0,0
1.6545323152000893,34,21065.608171490003,20.54961374138422,12732.062092690196,2,0.058823529411764705,21,0,7
1.5253647294914243,38,29605.770722836147,24.91207464372778,19408.978161378545,2,0.05263157894736842,21,0,6
0.8631425327218762,37,42394.32670419233,42.866616575274506,49116.252643122534,0,0.0,22,1,7
2.0173665355168966,35,26139.13304568948,17.34935094034966,12957.05692817593,0,0.0,23,0,8
1.190064460092835,29,18131.564141136438,24.368427906617562,15235.78322784467,3,0.10344827586206896,12,0,6
0.41171086074795343,31,22280.405867359146,75.29556044181693,54116.633763030746,3,0.0967741935483871,17,0,5
1.0996595449049296,45,34496.63457096735,40.92175638223597,31370.286131558776,4,0.08888888888888889,23,0,6
0.38018166273642695,34,24574.849510173837,89.43093087467393,64639.75493529033,1,0.029411764705882353,18,1,7
1.653278425353905,36,26796.821539616267,21.77491670363614,16208.293248537415,2,0.05555555555555555,20,0,6
0.7866744868342526,35,17156.285179297913,44.49108314272086,21808.62029521066,2,0.05714285714285714,18,2,10
0.7061766284517369,36,20762.154521443037,50.97874745434228,29400.79533212987,1,0.027777777777777776,16,0,7
0.4748560205521116,36,26032.307663776694,75.81245354779973,54821.47543061394,0,0.0,18,0,10
2.177185681389342,38,27369.567085046532,17.453724927931184,12571.076192077935,6,0.15789473684210525,21,0,7
0.7235225353903513,34,22034.921637856798,46.99231653048165,30455.059186191935,0,0.0,18,0,9
0.5811988896507309,28,20107.85152617476,48.17627923691748,34597.195356409735,1,0.03571428571428571,15,1,2
0.6177281281594832,41,31200.289632956836,66.37224068484501,50508.125194036234,2,0.04878048780487805,23,1,7
1.2533843196056416,31,28212.927087406853,24.733036400003538,22509.398471079985,2,0.06451612903225806,16,0,3
1.0967543765096281,42,30749.95928169106,38.294809575926315,28037.234170472548,1,0.023809523809523808,24,0,4
1.1390403267944553,39,32051.704501193737,34.23934963721238,28139.21838166631,2,0.05128205128205128,19,1,11
1.1556428883433254,35,22837.918100966297,30.286172617022142,19762.089423407993,0,0.0,14,0,8
4.541775798846722,38,32413.134749413617,8.366771431044487,7136.665521368135,3,0.07894736842105263,16,1,8
0.59147727645922,38,31069.99523566852,64.24591698176582,52529.48248775314,1,0.02631578947368421,18,1,8
0.5434627112896594,41,37139.72948346707,75.44215849272402,68339.05751386873,2,0.04878048780487805,22,0,9
0.4269799669772215,37,32501.646679880287,86.65511935358286,76119.83979008126,2,0.05405405405405406,18,0,8
1.3401526669868118,34,29103.062012032613,25.37024388157606,21716.228851349973,0,0.0,21,0,9
2.0201622584989103,35,25629.970325455983,17.325340998107198,12687.085018854097,0,0.0,19,0,7
0.747397605189879,33,26204.93900864414,44.153205430215735,35061.57743439208,2,0.06060606060606061,20,2,8
0.41806214654230567,42,39540.12749909354,100.46353238955544,94579.54475457943,0,0.0,32,1,7
0.4233377426458512,31,19611.423902732407,73.22758374023235,46325.715680726826,0,0.0,12,1,11
1.377780994871963,45,28659.89699255539,32.661214059047055,20801.489568535348,1,0.022222222222222223,21,0,4
1.48379550734153,28,21914.414245669825,18.870524854308748,14769.160667518932,3,0.10714285714285714,15,0,5
1.264306075366059,37,30515.76273716792,29.265065414865823,24136.372775344436,2,0.05405405405405406,22,1,10
0.48075006186401603,36,21659.789884769252,74.88298568369791,45054.159329252245,1,0.027777777777777776,18,0,5
0.9858304056602043,35,25778.995850496158,35.50306401491109,26149.52399772264,4,0.11428571428571428,20,0,4
0.8988389961679482,33,24191.64728108102,36.71402791900447,26914.327687403547,1,0.030303030303030304,16,0,6
0.9752620034299805,45,15806.231063611887,46.141446956546794,16207.163826768225,1,0.022222222222222223,14,0,8
1.644017633185747,37,26287.50403153666,22.505841332311068,15989.794452871665,1,0.02702702702702703,22,1,11
0.9790979787890286,40,28867.31160349104,40.853929705250685,29483.57797571476,1,0.025,24,0,10
1.4093531643679749,40,28845.89081167426,28.38181444601788,20467.468013675774,1,0.025,24,1,8
0.8642123677198732,39,39189.71820753242,45.12779665824165,45347.32395803369,2,0.05128205128205128,26,0,13
1.0317903724466213,36,19121.62702566249,34.8908082119776,18532.472812593263,0,0.0,21,0,8
1.3566664901432328,31,18648.606052678264,22.850125823279612,13745.903055886196,2,0.06451612903225806,23,0,9
0.25519567991576864,31,8673.947445378117,121.47541059563406,33989.39765845993,0,0.0,20,1,5
0.633980569122816,35,23220.225003102914,55.2067392986925,36626.08309152239,1,0.02857142857142857,21,0,7
0.5619748823389787,57,38690.69713466723,101.42802070221006,68847.7338589117,1,0.017543859649122806,35,0,6
0.4911025671544958,40,26328.164330393356,81.44938079180599,53610.3170523863,2,0.05,20,0,3
0.6569720514966056,39,37025.89492317599,59.36325588151979,56358.401911968234,2,0.05128205128205128,25,1,9
2.707303304818509,36,32576.80154474352,13.297364922477112,12032.933837432518,1,0.027777777777777776,16,1,4
0.4095628561671017,52,39728.738939141964,126.96463855790671,97002.78807249219,1,0.019230769230769232,31,0,11
1.7764601130383562,41,28014.875664875817,23.07960629066753,15770.05611286187,1,0.024390243902439025,26,2,9
0.21303563702463688,46,42996.85045192483,215.9263146882803,201829.37959320104,3,0.06521739130434782,33,0,4
0.6263111266077789,48,35829.292091018244,76.63922603447459,57206.85865039084,1,0.020833333333333332,24,0,9
0.9325826040871317,29,17478.63039684565,31.096441079755028,18742.179320356066,2,0.06896551724137931,18,0,7
1.308626174399914,44,19407.310474322352,33.62304748350057,14830.293672844962,1,0.022727272727272728,24,1,12
1.4462605060443778,38,25481.40886175353,26.274657878844124,17618.823687197917,0,0.0,25,0,6
1.5444653337520717,38,33661.76234146064,24.603983766786197,21795.09090028191,2,0.05263157894736842,14,0,13
0.61941483706497,36,41751.97070823922,58.1193698403837,67405.50630991728,1,0.027777777777777776,23,0,10
0.5655924946894456,54,41098.85256496171,95.47510001816805,72665.130727253,0,0.0,31,0,12
1.6264190642418757,31,18979.316225628703,19.060278301920953,11669.388685182163,3,0.0967741935483871,14,0,5
0.7025466601024485,53,28445.4319129686,75.43982913856755,40489.028741266186,1,0.018867924528301886,32,2,12
0.2950681127338196,45,38220.83466007535,152.50716040805946,129532.24360964511,1,0.022222222222222223,27,0,11
0.3306715239187706,29,12538.704206554119,87.70032464943624,37918.91136544993,1,0.034482758620689655,14,0,5
0.3923653614338604,38,32264.360493609434,96.84850839312817,82230.39968590123,1,0.02631578947368421,23,0,14
1.2186316065200233,41,36784.71165422029,33.64429396106126,30185.259808962524,3,0.07317073170731707,31,0,12
0.9175397175169381,36,29827.09085694896,39.23535876727367,32507.683632123902,0,0.0,20,0,7
1.4224607341874635,34,24155.67056773603,23.902241505050362,16981.607989013635,3,0.08823529411764706,25,2,8
0.5816990175073157,27,22995.61157623752,46.41575658095458,39531.80405010452,1,0.037037037037037035,11,0,5
0.9294444405024879,42,32792.29408572995,45.18828471048085,35281.6076537091,4,0.09523809523809523,22,1,10
1.350496516961457,48,29277.010006324486,35.54248337344651,21678.70086195865,3,0.0625,26,0,12
0.6392387704160354,21,22744.5585785776,32.85157435981642,35580.693210730584,2,0.09523809523809523,13,0,1
1.1798887920913277,32,21974.326773443427,27.1212000779164,18624.06603125232,1,0.03125,16,0,3
0.48213035624585726,48,42702.49987588722,99.55813687765993,88570.44432628824,1,0.020833333333333332,25,2,8
0.6123550134908887,32,10068.781731672683,52.25726791649127,16442.719517021636,1,0.03125,22,0,10
0.6032700639933093,30,29392.94276701702,49.72897179982185,48722.69406582556,1,0.03333333333333333,13,0,5
0.31453129001993346,31,31445.701695172567,98.55935159276322,99976.38611147301,1,0.03225806451612903,17,0,9
1.208739383405719,47,35502.39383909136,38.883485261788834,29371.421438309186,3,0.06382978723404255,23,0,9
0.562411285413566,39,33172.572663859064,69.34426995240959,58982.76496970682,0,0.0,23,0,6
0.8269552430950291,43,36572.907505642535,51.99797735009787,44225.98176989825,3,0.06976744186046512,27,0,12
1.20273403423393,34,21566.164553798768,28.268926489351383,17930.950600840966,0,0.0,17,1,7
1.170258823280486,32,27151.4244793306,27.344378323332908,23201.213218131816,3,0.09375,15,1,6
1.3941823120474708,50,30222.325771147,35.863315412868,21677.45603282188,1,0.02,29,0,5
0.7567000133740085,42,26897.797657241335,55.50416183122356,35546.18366835784,0,0.0,29,1,5
0.5835421171613286,31,29538.342739124626,53.12384331537393,50619.041660292576,2,0.06451612903225806,15,0,4
0.7681466844262155,40,37017.53537304146,52.07338755862613,48190.71164863849,3,0.075,25,0,7
0.21227608853419244,36,22422.686746289666,169.59046234828887,105629.82812205871,2,0.05555555555555555,21,0,8
0.25725435433511734,41,25336.20658496232,159.37533926671873,98486.98829780593,4,0.0975609756097561,22,0,7
0.28417651850051295,49,31055.83796632333,172.42803965138856,109283.61755641423,1,0.02040816326530612,31,0,6
0.3686906025691194,28,24692.503414986073,75.94443635093944,66973.50906945589,2,0.07142857142857142,19,0,4
1.1272932230426853,37,21090.101359802753,32.82198388466581,18708.62072857877,1,0.02702702702702703,26,0,7
0.39677605752600176,37,30125.706175979445,93.25159444020963,75926.21985263118,1,0.02702702702702703,16,0,14
0.60499805052361,36,31839.56733291023,59.504323970701954,52627.55360179081,1,0.027777777777777776,21,1,6
2.3149373816957612,39,28630.516938942437,16.847107964290302,12367.728460097578,0,0.0,20,0,5
0.6156903152480574,39,36340.64715199179,63.34353332208445,59024.230610725775,2,0.05128205128205128,14,1,8
1.4769991894587002,46,31980.311796624515,31.144228330185044,21652.22027531705,3,0.06521739130434782,24,0,13
0.3879440526302056,40,28460.239672843818,103.10765103577612,73361.71151455329,0,0.0,22,0,10
0.6946479932237639,36,20667.44442226557,51.82480961750001,29752.399235115987,3,0.08333333333333333,20,0,10
0.38288613030002056,44,41056.04459315202,114.91667239427721,107227.81877991107,2,0.045454545454545456,25,1,13
0.6242361974243956,34,20808.894864489313,54.46656272142551,33334.96992059577,0,0.0,18,0,8
1.6035926365738753,35,28453.56245160487,21.82599196437979,17743.63501219161,2,0.05714285714285714,14,0,14
0.20559309336380266,43,31698.013640445268,209.15099479489962,154178.3973470099,1,0.023255813953488372,21,1,4
1.158978385406795,41,22980.460994235928,35.3759832937775,19828.20498086331,0,0.0,23,1,11
0.9902364577761601,32,20491.565891577673,32.31551388429439,20693.608815006617,2,0.0625,19,0,9
0.5089935346590189,29,28968.593087792633,56.97518342630317,56913.47947513529,0,0.0,13,0,9
0.2574714899855621,39,30665.635949294054,151.47308155239617,119103.03525650027,0,0.0,25,0,8
0.8673641370058612,46,26144.23517348255,53.034242525626986,30142.16758342394,3,0.06521739130434782,22,0,11
0.5360144457485775,30,24148.772751682933,55.96864084157869,45052.4662967948,0,0.0,18,1,4
0.9862365633286427,33,23882.082652328405,33.460531911960196,24215.369354918348,2,0.06060606060606061,17,0,7
0.833169410468462,45,61727.77585817787,54.01062429152082,74087.90467171677,3,0.06666666666666667,22,0,8
2.9488731462548157,41,32854.21394910597,13.903616048073008,11141.277470966192,0,0.0,23,0,9
0.6760525278901767,34,23170.57593595385,50.29195010350325,34273.336730600706,1,0.029411764705882353,21,0,8
0.36102863802104956,30,30168.15075605036,83.09590110203631,83561.65572186942,0,0.0,14,0,5
0.9449913622229846,33,13814.245166280498,34.92095411578288,14618.382472601716,2,0.06060606060606061,19,0,5
0.9762831198485615,38,29145.149869646706,38.923135335879266,29853.174020019545,0,0.0,22,0,6
2.4286852467034037,26,28833.92535510742,10.70538063147183,11872.236385610442,3,0.11538461538461539,14,0,6
1.5969395187608588,42,30621.53341024026,26.300307248072734,19175.136597534365,1,0.023809523809523808,24,0,10
1.0892581272559123,43,18834.24991442387,39.476409607635176,17290.896843589875,2,0.046511627906976744,22,0,10
2.6396393895890076,43,29185.594955461973,16.29010393222504,11056.65988716973,0,0.0,27,0,6
0.3163169874147879,34,34401.6504106693,107.48711372688828,108756.88559071366,0,0.0,19,0,9
0.4907594321219865,36,29436.9309841586,73.35569658710419,59982.404936929575,1,0.027777777777777776,16,1,8
0.39013566041534875,32,19168.1888092079,82.02275066558119,49132.11160651384,1,0.03125,23,2,2
0.5993869821173954,34,21306.314020064376,56.72462201279639,35546.84144923811,6,0.17647058823529413,19,1,6
0.2721644178157763,29,18828.364584597974,106.55323804902972,69180.11081574443,0,0.0,15,0,6
1.3608653136423763,33,26895.51543128074,24.249277036590055,19763.53953742453,0,0.0,15,0,6
0.6853825306532643,32,31708.009725726643,46.68925537028144,46263.230105244336,1,0.03125,17,0,4
0.2524240075904447,48,45092.93483058484,190.15623932997488,178639.6439111594,1,0.020833333333333332,23,1,7
0.3633229157935215,39,32451.205518406085,107.3425272799581,89317.8054776162,3,0.07692307692307693,24,0,3
1.0521241050739587,43,21943.06955715508,40.86970329130263,20855.97074654287,4,0.09302325581395349,25,0,5
1.6007963982490636,27,13796.247981991875,16.866604665985225,8618.36520689457,2,0.07407407407407407,11,0,4
4.044608312665082,37,31301.458461283662,9.147981000815351,7739.058035179293,0,0.0,17,0,10
8.424043787848374,35,17773.53208302277,4.154774224997175,2109.857513877239,1,0.02857142857142857,19,1,7
1.1405693261203533,38,26957.121575890746,33.316694680240964,23634.794447423374,2,0.05263157894736842,21,0,7
0.37097133035736135,28,22532.918248778333,75.47753076505197,60740.322512448845,0,0.0,16,0,6
0.14872786912970565,46,25080.721718396937,309.2897132808605,168634.98324260954,2,0.043478260869565216,31,1,9
1.0142700283598778,35,19797.147293539158,34.507575913089575,19518.616088411953,0,0.0,16,0,4
0.42726413397916563,34,24923.97908484495,79.57606851610419,58333.890216163796,1,0.029411764705882353,16,0,5
0.5872610681808553,33,27741.68270789288,56.19306606212347,47239.097244821,3,0.09090909090909091,18,0,5
0.5017378839163126,31,29173.274738908764,61.78524881962202,58144.45285892489,0,0.0,19,0,7
0.7315185433129735,50,42963.48091293497,68.35096725443904,58731.909540334695,5,0.1,29,0,10
1.9208814795770814,44,33583.36023233818,22.906150362638424,17483.30679919523,1,0.022727272727272728,28,0,8
0.9283363682875309,31,19086.233275151666,33.393068567575995,20559.609563028713,0,0.0,15,1,6
0.7211501797983427,43,23961.179852163423,59.626969810954236,33226.33831813472,1,0.023255813953488372,23,0,14
0.35753464864395695,47,30927.97983273541,131.4557908674298,86503.44784774793,1,0.02127659574468085,28,0,8
0.21443548485450242,40,32951.53621186008,186.53629098346562,153666.43367919343,1,0.025,21,0,8
0.5548561837139208,32,25938.952550173493,57.67260226930973,46748.96542839541,0,0.0,12,1,6
0.7842510910938205,53,19716.935056182334,67.58039689314194,25141.099936096336,2,0.03773584905660377,33,1,12
3.368083643580145,36,21908.812856826582,10.688570656081856,6504.83039475182,3,0.08333333333333333,20,2,9
0.9086635522824983,32,30937.963497251458,35.2165550380207,34047.76544578848,1,0.03125,18,0,8
1.7971311876159486,42,32098.8657613993,23.37058100678597,17861.17005958883,0,0.0,26,0,6
0.5491209902241965,44,21777.28940822435,80.12806063384241,39658.453775975795,1,0.022727272727272728,24,1,8
0.3172849499483327,31,36395.482193317686,97.70397242304782,114709.13511417544,2,0.06451612903225806,16,0,8
0.37829029202247566,43,32025.990991883722,113.66931932116621,84659.82782867961,2,0.046511627906976744,27,0,8
0.45832311532768,35,28671.30394367447,76.36533883955778,62556.96687516143,0,0.0,22,2,12
4.494146561549197,35,28767.005963084346,7.7879080089312875,6400.994175225105,1,0.02857142857142857,16,0,6
0.42438706824639594,31,21198.81729882616,73.04652360896547,49951.609945188735,1,0.03225806451612903,18,0,6
1.6012608705392797,37,22904.359279069515,23.10679083011563,14303.952404304793,1,0.02702702702702703,19,1,7
0.39758690395956814,39,44144.1583951629,98.09176210684754,111030.21240270042,0,0.0,20,1,7
1.7250540965309489,35,32570.19697859183,20.289218796317368,18880.68150679441,4,0.11428571428571428,16,2,9
1.1140040453642175,32,28734.358278385975,28.7252098707934,25793.764751537714,0,0.0,16,1,4
0.7223031750924976,42,35856.74628938967,58.14732850180467,49642.2382260716,1,0.023809523809523808,20,0,9
0.7924625571000177,36,20498.503310456283,45.428013825335086,25866.841438502364,0,0.0,19,1,8
0.48489148451666897,31,30378.618469910725,63.931830089571974,62650.344334653724,1,0.03225806451612903,17,0,9
1.169829206947059,33,19741.79201141021,28.209246105353415,16875.789982138504,1,0.030303030303030304,19,0,7
0.5689363100366058,46,36845.61468868735,80.85263532756474,64762.28364879132,1,0.021739130434782608,26,0,14
0.30712986401614434,33,15012.02396154046,107.4464057922591,48878.42479802404,1,0.030303030303030304,19,1,9
0.2945371730859265,32,12244.653020270287,108.64502997950794,41572.52170237305,2,0.0625,21,0,5
0.9399489950058677,49,39557.32840740047,52.13048820770761,42084.54779735525,1,0.02040816326530612,28,1,13
2.8958335734139906,32,19339.58822095733,11.050358796094134,6678.418400321698,3,0.09375,18,0,10
0.9305246527689316,35,13718.24430082718,37.613189393587426,14742.483458128972,1,0.02857142857142857,25,0,5
0.7445981062281788,30,25419.291315914208,40.29019110989604,34138.27016654348,0,0.0,18,0,7
1.0290755877963056,42,47527.81062914396,40.813328484392585,46184.955889315665,4,0.09523809523809523,21,0,7
2.327515508641231,47,47005.679787587316,20.193205942347472,20195.646221506184,3,0.06382978723404255,25,1,10
0.9758035447867899,44,30962.042348695875,45.09104341244617,31729.790810978237,1,0.022727272727272728,21,0,5
0.5893460275837358,33,24802.541121779857,55.99426899557964,42084.853313541425,2,0.06060606060606061,18,0,8
1.983833270029656,42,38211.05930128638,21.17113400329865,19261.225163702984,2,0.047619047619047616,20,0,8
1.1537357442773473,41,39031.30478638161,35.53673378272658,33830.36798502695,1,0.024390243902439025,20,0,9
2.7971604947218873,45,30967.36067751184,16.0877432971447,11070.9988704423,3,0.06666666666666667,29,0,4
0.9479889335909908,41,31002.23154204736,43.249450016986614,32703.15764616642,2,0.04878048780487805,16,0,9
0.3074092905372725,42,33772.6479391399,136.62566907654218,109862.15764694028,1,0.023809523809523808,30,0,8
0.27402735018105634,29,24641.2343918555,105.82885241505643,89922.53647518926,1,0.034482758620689655,15,0,6
3.0671302295871965,37,26863.710896204964,12.063393866709015,8758.58176384657,1,0.02702702702702703,18,0,6
3.2509022611453826,38,27678.61692372979,11.689062588615492,8514.133831257619,0,0.0,22,0,5
0.7092016553853698,32,31947.834219385277,45.12115807543014,45047.602436891226,3,0.09375,17,0,6
0.6025709525943833,40,38708.54905758878,66.38222408129543,64238.98943506689,2,0.05,23,0,12
2.635717481157486,31,25913.950999773373,11.761503355961437,9831.839408066284,1,0.03225806451612903,21,0,4
0.33768676443066137,34,36020.947508540325,100.6850240557218,106669.7048943316,1,0.029411764705882353,25,0,8
0.400203698532561,28,19052.31335837886,69.96437090078989,47606.53994013187,1,0.03571428571428571,19,0,2
1.3697954686674088,45,46896.08493389798,32.851619843492244,34235.8300977009,1,0.022222222222222223,29,0,10
0.5970919852649912,42,35601.41675312876,70.34092072322872,59624.676987296596,4,0.09523809523809523,22,1,7
0.8153828728830201,33,44179.895165954666,40.47178460263585,54183.006088592425,2,0.06060606060606061,18,0,6
0.7183816402111974,34,18202.010608091234,47.32860376276365,25337.521992822665,2,0.058823529411764705,19,0,6
1.072572146519018,40,25036.71418403514,37.29352857970263,23342.68539910402,1,0.025,20,1,5
2.5243547589240465,41,33840.72797212004,16.241774201925324,13405.694208584195,1,0.024390243902439025,29,0,7
0.8802651813346959,37,30395.578792840082,42.03278828307057,34530.025084887486,0,0.0,22,0,6
1.3704662831829577,34,37434.850583151114,24.809074413004723,27315.411581091448,1,0.029411764705882353,16,1,7
0.15879556149790205,49,30854.935293298113,308.5728564311753,194306.030988818,1,0.02040816326530612,22,0,15
0.7874347872566527,42,38341.18400132577,53.337750223512444,48691.24989372488,2,0.047619047619047616,24,1,8
0.41703538017657177,45,43165.950337924165,107.9045139550201,103506.68645822762,3,0.06666666666666667,29,1,13
0.308803400676444,37,32442.954562589515,119.81733335497692,105060.22437422047,1,0.02702702702702703,18,0,7
0.4055456261355208,32,18464.66107051592,78.90604148522264,45530.416013772025,1,0.03125,14,0,4
0.6266928363528537,41,41139.259982775984,65.42279984977414,65645.01394685307,2,0.04878048780487805,23,0,6
1.703563159738096,41,39822.41799310775,24.067202771808763,23375.95630985,0,0.0,25,2,8
0.28333816250052013,37,31743.232901803913,130.58600957056774,112033.03014907369,3,0.08108108108108109,25,0,6
0.8390417552083985,39,30684.520764206856,46.481596127851,36570.91029585951,1,0.02564102564102564,21,0,11
0.5558062333357722,45,35581.47488135941,80.96346766376533,64017.76868857825,0,0.0,20,1,10
0.6299351033301552,34,25018.136951495006,53.97381384250349,39715.41960312498,0,0.0,17,0,7
1.8261433065806139,34,29421.60502162617,18.618473083398776,16111.334151927562,3,0.08823529411764706,20,0,7
1.2592198337173568,31,23423.732479432976,24.618417825015158,18601.781716130943,0,0.0,16,1,6
2.3867162946933766,29,17320.69962865921,12.150585331184347,7257.125477028854,1,0.034482758620689655,13,0,6
0.7235363130222344,38,21327.63314937927,52.5198242521827,29476.93538737961,0,0.0,21,1,5
0.4691868967718151,39,23970.70549936091,83.12252594506558,51089.88691774751,0,0.0,19,0,5
0.6844860231655493,39,30809.368342697155,56.97705823069449,45010.95318237875,3,0.07692307692307693,22,0,6
0.9940154124299723,41,30551.06592710817,41.24684535803254,30735.00223947531,0,0.0,24,0,6
0.9429506664647842,34,26817.904014927142,36.05702950236981,28440.410478174992,0,0.0,18,0,8
0.3438635154375808,30,25204.390921149,87.24391699952156,73297.65965160726,1,0.03333333333333333,17,0,2
0.8801981955103831,33,21023.713700053737,37.49155607035179,23885.204272502662,3,0.09090909090909091,12,0,4
0.982733469096177,32,32442.202569669204,32.562236869199644,33012.20889475393,1,0.03125,18,1,9
6.134810749606271,34,23861.60973846946,5.542143252288932,3889.5429235532465,0,0.0,20,1,14
3.6747154056451246,44,29567.25828053045,11.973716367914337,8046.135555180413,5,0.11363636363636363,25,1,9
0.41370807759937134,42,35146.839954233335,101.5208604185683,84955.65317017814,2,0.047619047619047616,23,2,8
0.6505697970538071,32,13421.70123431958,49.18765080229102,20630.686046449682,2,0.0625,19,1,8
0.2539155363121222,46,27954.37475629423,181.16260496740588,110093.20328446422,3,0.06521739130434782,23,0,5
0.5103974152290488,38,35210.537943052135,74.45178769752764,68986.51304346997,2,0.05263157894736842,22,0,7
1.0538857027994897,38,16616.034005215162,36.05704100459726,15766.447880521724,1,0.02631578947368421,22,1,5
2.1483130295041906,39,37095.37086247076,18.153779018414657,17267.209365216204,1,0.02564102564102564,21,1,7
0.45691081048150395,29,29638.132876394684,63.469717360022806,64866.341956674834,2,0.06896551724137931,20,2,11
0.4851402997442417,40,27339.92156766901,82.45037573890968,56354.670148165766,2,0.05,21,1,10
0.14692526486083415,26,20865.68375155513,176.96071553539065,142015.62795424502,3,0.11538461538461539,14,0,10
0.7188283123909123,35,33300.24863456147,48.69034705044609,46325.733225226904,1,0.02857142857142857,20,1,9
0.34996171034843715,32,21311.294276869325,91.43857471761525,60896.07418951882,1,0.03125,16,1,7
0.5360372940432736,41,37154.18334148322,76.48721545238254,69312.683565789,1,0.024390243902439025,20,1,10
0.4059648812385752,43,27055.308325688602,105.92049210958717,66644.45516357088,2,0.046511627906976744,20,1,10
0.7592607295342895,42,27889.326662401163,55.316966051650915,36732.21276636781,1,0.023809523809523808,24,0,8
0.20065210065274683,37,22426.419147595672,184.39876721765827,111767.67686278727,2,0.05405405405405406,22,1,6
0.2531846546205367,48,38960.471801043095,189.5849496563705,153881.64760394162,2,0.041666666666666664,24,0,10
4.496942357077244,37,35462.07389008656,8.227812825256645,7885.819090893326,0,0.0,20,1,6
0.292310681376659,41,29391.246560975327,140.2617236116978,100547.97321314109,2,0.04878048780487805,21,0,8
0.34046993198678943,37,19283.480594983394,108.67332625847159,56637.83724587935,2,0.05405405405405406,20,0,5
3.559182282870968,47,26090.30028345354,13.205280388754932,7330.419801485453,4,0.0851063829787234,23,0,10
8.364978259004598,36,29557.0042504811,4.30365733004115,3533.4227221289007,1,0.027777777777777776,22,0,5
0.3206986752624734,36,38949.87435879487,112.2549071041097,121453.18132953507,1,0.027777777777777776,19,0,6
0.6098152933644813,32,26267.85599605093,52.47490567750304,43075.102054468916,1,0.03125,20,1,6
1.0759935214372927,42,28575.06207707653,39.03369226972404,26556.909040592065,2,0.047619047619047616,24,0,6
3.2640152704071306,30,26637.39342099153,9.19113347048098,8160.927941268169,0,0.0,15,1,10
0.37176785591562267,34,24034.268350209113,91.4549212875379,64648.591769762876,3,0.08823529411764706,19,0,6
0.6728571188181774,35,23866.803130605498,52.016986996399545,35470.83394543812,3,0.08571428571428572,20,0,6
1.5248103792446208,32,18479.275551195282,20.986216014513587,12119.064640909495,1,0.03125,14,1,2
1.1592959249274752,37,37130.26930268073,31.915923453551944,32028.29278038183,1,0.02702702702702703,18,1,10
0.605969964917155,32,9374.162395224977,52.80789783760135,15469.681565003906,0,0.0,17,0,7
0.7356076610484434,32,28595.66899360859,43.50145015400083,38873.53341705535,1,0.03125,13,1,6
0.27255451040618184,39,25994.510536661288,143.09064246223326,95373.6208508245,1,0.02564102564102564,22,1,6
0.6766920424365994,48,32454.656080258068,70.93330051165367,47960.74734881903,3,0.0625,24,0,11
0.6615895092676237,37,39020.81893974463,55.92591702513363,58980.407629105976,0,0.0,23,2,11
0.9858371618232452,33,20508.061312331694,33.47408809277237,20802.68639336267,2,0.06060606060606061,20,1,6
0.5250500040822227,46,28869.027404644767,87.61070306133435,54983.386687344704,1,0.021739130434782608,27,1,6
1.1939066365108637,33,23975.45822081799,27.64035226107877,20081.51851042988,2,0.06060606060606061,22,0,4
1.8407491845280024,38,31330.71611895571,20.64376848263758,17020.632893551658,2,0.05263157894736842,21,0,2
0.927134587504999,37,24807.24048992949,39.9079060350561,26756.89249894987,1,0.02702702702702703,23,0,9
1.0848102931903054,35,16334.688737623921,32.26370566329061,15057.645415204748,1,0.02857142857142857,18,1,12
0.8542975540459443,34,20201.927133003595,39.79877952239984,23647.4130557058,2,0.058823529411764705,21,0,13
0.8187860311194253,29,28438.562730744794,35.4182886588232,34732.59392550243,1,0.034482758620689655,19,0,7
0.45967000524820995,44,33592.23216995325,95.7208421207321,73079.01709143347,0,0.0,18,0,6
1.054635710651867,32,26598.262754134015,30.342230664862377,25220.331992829746,1,0.03125,16,0,11
0.7574261192254926,38,26711.878942936422,50.16990969212544,35266.64616510809,1,0.02631578947368421,16,0,6
4.369002172158889,34,21463.87409941959,7.78209729824861,4912.763430560045,2,0.058823529411764705,19,1,6
2.882574798441566,40,42078.50003910296,13.876482935195847,14597.53969328125,2,0.05,28,0,9
1.1148024809004689,26,18619.26210900094,23.322517168242037,16701.848469122033,0,0.0,14,0,2
0.44465980703316516,38,25467.350024034455,85.45858968801683,57273.78463539647,2,0.05263157894736842,20,0,10
0.336240306213417,44,41681.44754153429,130.85879112920065,123963.26904091748,2,0.045454545454545456,31,0,17
2.1231787211314375,39,24179.030280750958,18.36868446911383,11388.127640929824,2,0.05128205128205128,18,1,10
1.0102515710826845,36,23146.1668123445,35.634688458260825,22911.290093356452,0,0.0,19,2,9
1.2021537295232914,46,34584.842543659914,38.26465689894843,28769.068126897862,1,0.021739130434782608,23,0,8
0.20277287076141767,30,22501.458562076168,147.9487856898666,110968.78235033403,1,0.03333333333333333,17,0,3
1.7193576903650178,40,31869.201704903142,23.264501752109556,18535.5274725513,0,0.0,21,0,10
1.1776680691066808,37,41680.516135373946,31.41802089281942,35392.41423688312,1,0.02702702702702703,22,0,8
0.3367735450899889,37,29989.413320706786,109.86611193023866,89049.19569229627,0,0.0,14,0,11
0.5614571360768879,32,10302.40917455539,56.99455567275542,18349.41353945948,0,0.0,18,0,4
1.0110341960831084,34,27496.94953380115,33.62893177275396,27196.854112678167,2,0.058823529411764705,22,1,6
0.8538271028966501,39,29515.917561316986,45.67669481056598,34568.9630385154,1,0.02564102564102564,26,0,7
0.6480827121019133,42,31828.482184097018,64.80654276949043,49111.75933218209,2,0.047619047619047616,22,0,10
0.7536775805320239,41,32565.09114334374,54.399919884916756,43208.25242055882,0,0.0,16,0,10
0.669260503302739,36,26814.1646958673,53.79071351490685,40065.36253602576,1,0.027777777777777776,16,1,12
0.9250106848770214,32,23696.95434400096,34.59419498949285,25618.033101046207,1,0.03125,16,0,5
2.6569891371881744,32,27531.134648279727,12.043707500387,10361.779151801593,2,0.0625,11,0,6
0.10504916999756564,35,22834.890977674644,333.1773111659147,217373.35933452696,2,0.05714285714285714,18,1,3
0.6774088922818768,50,28970.82297924742,73.8106637950576,42767.1134957472,1,0.02,29,0,8
0.9429046990561288,38,49182.665135937146,40.30099758548128,52160.8018129194,2,0.05263157894736842,20,1,7
1.0374805145084571,44,27330.409045252632,42.41043507293874,26343.057689330555,1,0.022727272727272728,29,0,9
0.6080296297529865,39,29953.00324546974,64.14161101958773,49262.40725741971,2,0.05128205128205128,24,1,8
0.20081374827911855,38,18269.683884012487,189.23007177368342,90978.25243826817,0,0.0,22,2,7
1.0643841691367513,41,31609.536903079494,38.51992653484529,29697.48876358788,1,0.024390243902439025,25,0,9
3.2604987397525274,41,23862.795435912707,12.574763333020613,7318.75622124114,0,0.0,17,1,11
0.24000653569872524,36,24132.775330331926,149.99591529953162,100550.49234419705,3,0.08333333333333333,12,0,5
1.6340513321331713,34,31895.795754519277,20.807179879480728,19519.457637160594,1,0.029411764705882353,20,1,6
0.6295058210130483,41,34233.43061463018,65.13045412990733,54381.436155013085,2,0.04878048780487805,21,1,10
0.7795336079481255,31,26421.72514712749,39.767368185186584,33894.273290762,1,0.03225806451612903,18,0,8
0.3526360377220108,36,15522.592647220728,102.08826140560096,44018.73599617025,1,0.027777777777777776,23,1,9
0.6265260421172019,41,44306.28635333811,65.4402167569122,70717.38982088458,1,0.024390243902439025,24,0,6
2.3164496164056043,44,23560.30001734035,18.994585372538367,10170.866592772463,4,0.09090909090909091,27,0,9
1.3048971084806458,44,45106.20164920741,33.719133649726075,34566.864587298165,3,0.06818181818181818,26,0,12
3.273465744405891,39,36421.23793919003,11.913978347458833,11126.201030645032,0,0.0,24,1,7
2.0999835496152652,32,27325.436592679758,15.238214606901407,13012.21459457909,2,0.0625,21,1,6
1.163309945446783,27,16094.773964785267,23.20963566560959,13835.32740159277,1,0.037037037037037035,17,0,10
3.304045480783286,34,26427.72985029548,10.290415249350522,7998.59747815284,0,0.0,15,0,4
1.1632229143275998,37,24613.66340510523,31.808176699637855,21159.885265270193,1,0.02702702702702703,24,0,9
1.5878653093493773,33,24922.495054741434,20.782619159002625,15695.597673176288,0,0.0,19,1,9
0.6458055912509443,44,31021.011708042366,68.13195889922649,48034.59760692651,1,0.022727272727272728,24,2,6
0.8634983024321384,44,16854.204787946524,50.95551418696381,19518.515254140966,2,0.045454545454545456,25,0,10
0.468631253976307,51,48547.97850603852,108.8275687275831,103595.2640676693,1,0.0196078431372549,28,0,10
1.806998438871559,29,21326.620642812337,16.04871336696341,11802.235233877935,3,0.10344827586206896,20,0,8
0.31897488857644996,37,24521.2293393151,115.9965919735154,76875.10903679805,2,0.05405405405405406,19,0,11
1.5309374710398256,30,19474.232942719253,19.5958362555616,12720.462664939667,2,0.06666666666666667,16,2,9
0.7029139167115803,23,18734.02264615842,32.72093417583787,26651.944428417635,1,0.043478260869565216,12,0,2
2.0896522713163135,29,17084.591914102857,13.877907055671193,8175.806160965209,2,0.06896551724137931,16,0,7
1.4928621612981905,35,12042.393981613528,23.44489726336426,8066.648277253864,1,0.02857142857142857,20,0,10
3.5131635439116553,33,27168.35103105716,9.393243322585795,7733.300966913471,1,0.030303030303030304,19,0,7
1.4690556111040614,39,32894.10304565689,26.547667566301147,22391.3259627629,1,0.02564102564102564,24,2,8
0.2327868142560395,40,28562.650862321043,171.8310383164764,122698.74886859063,3,0.075,22,0,4
0.7760312117204285,36,19561.589368768742,46.38988671626946,25207.219855760082,0,0.0,26,0,10
0.32058566460521254,43,32938.36108648307,134.12951590631056,102744.33551807517,2,0.046511627906976744,25,0,4
0.5408442827118017,37,17996.2144270315,68.4115579709587,33274.29909547753,2,0.05405405405405406,19,2,6
2.7428094632065223,34,19213.348748271528,12.396048816402942,7004.988500298477,1,0.029411764705882353,22,2,10
1.363461993532586,28,17216.482400019027,20.535959295392573,12627.035063451192,2,0.07142857142857142,19,0,9
0.46806676037554235,49,44193.54260526353,104.6859212149267,94417.17794659437,1,0.02040816326530612,26,1,17
0.36386444187031597,39,26704.47112793284,107.18277334145196,73391.26348996343,0,0.0,22,0,8
0.8404865524727542,33,22089.673514047823,39.26297202841892,26282.007069665637,1,0.030303030303030304,16,0,4
0.3093604678077995,39,42971.94145818695,126.06652775114772,138905.72949639027,1,0.02564102564102564,17,0,8
0.47858941424633117,36,29283.956981782867,75.22105363883102,61188.05830233082,0,0.0,15,1,4
1.050858634606908,30,24330.57035656406,28.548083454842644,23153.038434770377,0,0.0,17,1,9
2.063182366524655,36,24604.33917104714,17.448772626261103,11925.431105972531,0,0.0,22,0,7
1.332436442227493,34,21850.20539406292,25.517164588474248,16398.68492153739,2,0.058823529411764705,18,0,6
0.13093796639852964,29,10336.958383110474,221.47892469731875,78945.46301145664,3,0.10344827586206896,15,0,3
1.044453083377284,49,45294.29149156578,46.914505572195154,43366.5161340754,2,0.04081632653061224,26,0,9
0.8672975714574068,37,30735.74264033749,42.661251706061165,35438.52035546363,0,0.0,22,0,10
1.1400957251353623,36,25839.00436397708,31.57629592526168,22663.89022808523,1,0.027777777777777776,24,0,8
2.9831140714696818,32,23209.574197423168,10.727045373841388,7780.31736010302,2,0.0625,20,2,3
0.15714432609085335,44,38830.262557107555,279.997382626219,247099.36096997705,3,0.06818181818181818,28,0,6
0.5102355790791162,33,15515.022165905671,64.67600722701283,30407.566234223625,1,0.030303030303030304,21,1,6
1.3135390484282403,35,22533.747611211023,26.64557254074817,17154.988759698117,0,0.0,15,0,4
0.23101433373994257,33,18000.36099441837,142.84827900397192,77918.80574251179,3,0.09090909090909091,24,0,10
2.66647996768545,35,37410.508479666496,13.12591897338745,14029.922944495043,3,0.08571428571428572,19,0,8
1.0993128361149804,40,36304.71982934377,36.386366724654785,33024.92123865872,0,0.0,17,1,5
1.611664004900757,40,14140.612983825376,24.819068911614192,8773.92120245071,3,0.075,23,0,10
0.5185312779496856,34,16235.778844963348,65.5698150638834,31311.08871418697,0,0.0,19,0,6
1.5698984754847183,41,29773.28893062175,26.116338502297694,18965.104683873917,0,0.0,21,1,6
1.924713729612121,34,22608.66590211676,17.664964652614533,11746.508353048941,2,0.058823529411764705,20,1,7
0.9863958011425863,38,19441.22569675408,38.52408937262598,19709.355690924924,1,0.02631578947368421,21,1,3
0.9875982575492976,46,50602.63132774606,46.57764394415594,51238.07270915536,1,0.021739130434782608,22,0,9
1.0164077439419779,29,23381.458350989065,28.531856602674093,23004.01437351092,3,0.10344827586206896,14,0,8
0.41037815635764036,42,35089.61140084497,102.34462860493342,85505.55349311706,3,0.07142857142857142,20,1,12
0.7275860943478295,39,24392.055056389858,53.60190402615869,33524.63061880482,0,0.0,14,0,7
0.7246851270656837,34,29920.317780729376,46.91692809768169,41287.335234654915,2,0.058823529411764705,20,0,8
1.112617215196877,37,25216.3178118598,33.254923161918605,22663.96516918695,2,0.05405405405405406,18,0,6
1.8218626239932654,31,21668.945090712154,17.015552979539358,11893.841393604578,1,0.03225806451612903,16,0,6
0.3510492101159747,33,28379.351641362042,94.00391469075782,80841.51971738228,4,0.12121212121212122,17,1,5
0.7408128688408241,28,12789.85227209609,37.79631966141812,17264.619460659236,1,0.03571428571428571,14,0,6
2.678252254998125,33,34236.34548751483,12.32146820315964,12783.092191418244,0,0.0,16,0,4
0.451639680970543,33,25833.391935459822,73.06709616189002,57199.11917381931,0,0.0,15,1,10
0.42409405783629417,35,34319.948515316675,82.52886206085552,80925.32277017807,2,0.05714285714285714,20,0,10
0.9625636871564074,34,18918.431089492835,35.32233809945848,19654.212331010956,5,0.14705882352941177,18,0,6
1.6088315213855435,27,15763.417497222981,16.782366357881465,9798.053610764258,0,0.0,16,0,7
0.8262489525344289,31,16766.596763473048,37.5189583053762,20292.427254574224,0,0.0,16,0,3
2.370660177701203,37,29416.982499947826,15.607466792595469,12408.772365035074,2,0.05405405405405406,18,0,9
1.6248819809771178,34,25903.817807739666,20.92459661565956,15941.968777426213,0,0.0,16,0,5
1.605533425195632,46,30654.670136765824,28.650913944314155,19093.13730608293,0,0.0,26,1,6
1.2754425304018795,42,23833.636901787286,32.92974712609451,18686.56276835738,3,0.07142857142857142,23,0,10
5.270485482763798,42,21924.53220083483,7.968905357457802,4159.8695741664,3,0.07142857142857142,25,2,8
0.6948013156205756,40,29650.915916611273,57.57041488079683,42675.38827287333,3,0.075,25,0,8
0.16483375908754846,42,27980.163946310186,254.8021730044539,169747.77558430267,2,0.047619047619047616,25,0,8
2.9547188107203795,39,24437.038913645,13.199225543391572,8270.512518816331,1,0.02564102564102564,17,1,4
0.5677014896694601,28,28797.331010103313,49.32169548525016,50726.18538815239,3,0.10714285714285714,17,0,2
0.8925295608060078,35,25731.348227385773,39.21438744100856,28829.68739337756,1,0.02857142857142857,13,0,8
2.334133074525671,36,35229.87821184647,15.423285155802743,15093.346046264172,1,0.027777777777777776,22,0,8
0.22722657470428265,35,22890.51124909901,154.03127933231278,100738.70663626908,3,0.08571428571428572,18,1,3
0.30079756822878917,45,35732.68789876912,149.6022732662939,118793.14087935226,2,0.044444444444444446,24,1,8
0.22740508198530446,46,34040.65858539755,202.28219878996657,149691.72319375584,4,0.08695652173913043,24,1,10
0.4337404210409639,34,15110.55146574909,78.3878982696633,34837.77562046033,0,0.0,18,0,8
1.1638218465618928,35,35248.531329462654,30.0733313293571,30286.878901261556,4,0.11428571428571428,18,0,9
1.2452673854039873,37,26849.87697716411,29.712494227090456,21561.535531948044,2,0.05405405405405406,16,0,7
1.0212418057993953,34,30068.079504153717,33.292800791077966,29442.664150061297,2,0.058823529411764705,18,0,7
0.26442101108750476,35,21512.219048492174,132.36467047778385,81355.93673141632,3,0.08571428571428572,24,1,7
0.1289819574274301,44,31694.432497888265,341.1329838497449,245727.6438506579,1,0.022727272727272728,26,0,7
0.8551168679822987,37,21976.76328291046,43.26893946941287,25700.303789780213,2,0.05405405405405406,19,0,4
0.5613443052267021,43,41816.628256588665,76.60182814651377,74493.7249157641,2,0.046511627906976744,24,0,2
1.1823554789395445,33,26599.771523857013,27.91038785526475,22497.27091188715,2,0.06060606060606061,18,0,9
1.4355713179829168,29,23666.01940927424,20.201016582545776,16485.43622515859,3,0.10344827586206896,15,0,4
0.9144734403776095,41,40773.39900563475,44.834544328668585,44586.7503694786,2,0.04878048780487805,24,0,9
1.5039672774866215,39,37367.51590423114,25.931415253379356,24845.96338204808,0,0.0,19,0,8
0.9835066292500763,26,23081.803069117817,26.43601906356747,23468.88407525803,0,0.0,13,0,5
1.251135782146784,32,15810.850481064215,25.576760297824926,12637.197901841542,3,0.09375,16,0,9
0.4659212687568495,46,28739.77689040186,98.72912675297086,61683.76251009974,5,0.10869565217391304,23,1,11
0.7091493462890625,34,19356.20460761052,47.94476675177103,27294.96220916006,4,0.11764705882352941,15,0,3
0.9583146381040363,41,36119.1986589584,42.78344331786047,37690.333866148496,0,0.0,22,0,10
1.5784175276100594,30,23421.520485450277,19.00637789129478,14838.60897117233,1,0.03333333333333333,11,0,6
0.5975048143139915,45,22486.849287592184,75.31320070059267,37634.59096712021,3,0.06666666666666667,29,0,8
1.2422618673770196,47,33653.223957925016,37.834212925845016,27090.281720537954,3,0.06382978723404255,25,1,11
0.661879983337959,29,13950.733607547976,43.814589850185065,21077.436935307145,0,0.0,14,0,7
0.7452513508126463,50,37021.59160737216,67.0914583992077,49676.65146396933,2,0.04,28,2,9
1.5898111468619747,34,15369.120275598429,21.38618795516084,9667.261615277097,0,0.0,20,1,12
0.16621913067398905,35,29581.61320832306,210.5654136084169,177967.56058327865,1,0.02857142857142857,19,0,8
0.29020205348342953,46,37629.530543562134,158.51024983400603,129666.6584260086,1,0.021739130434782608,26,0,10
0.2501365480685855,41,44830.65988089999,163.9104733657639,179224.74835067993,0,0.0,18,0,5
0.12657846380359858,34,30688.984531723734,268.6080947605353,242450.2842706427,0,0.0,20,0,5
0.47586953325332026,28,18868.512150654587,58.83965676175096,39650.599233908695,3,0.10714285714285714,18,0,5
1.4911492327111688,29,26020.325886892817,19.44808699480263,17449.8469476347,2,0.06896551724137931,15,0,6
0.6518718710864124,35,17444.717550045374,53.69153288002572,26760.960740600654,3,0.08571428571428572,20,0,7
0.9590923270405158,33,19032.912734134352,34.40753206923107,19844.71379607891,1,0.030303030303030304,22,0,8
1.9569242830891307,35,28348.79795207319,17.88520910208659,14486.40511901809,1,0.02857142857142857,19,0,5
2.3682443636679684,35,12653.027124688058,14.778880311908157,5342.787813116921,1,0.02857142857142857,19,0,8
0.7746760416600166,33,24529.264937492735,42.59845177254464,31663.900286538017,1,0.030303030303030304,21,2,9
2.417825812255698,35,19822.341259653953,14.475815347238324,8198.415766419834,1,0.02857142857142857,19,0,9
0.8813515713281129,38,29192.940257248323,43.11559794774929,33122.923027478515,2,0.05263157894736842,20,0,9
0.4189856620644979,35,19460.26094430224,83.53507809203305,46446.12621924653,2,0.05714285714285714,17,2,10
0.5088915847100527,46,38012.77457812896,90.39253424913495,74697.1962599602,3,0.06521739130434782,27,1,6
0.2504667228860115,25,18836.973406503253,99.81365872454684,75207.4894000032,0,0.0,15,0,6
0.40232016259022024,36,36074.37114139102,89.4809739790931,89665.82959485991,1,0.027777777777777776,15,0,12
0.6148276155045886,38,28546.064213255097,61.8059420912859,46429.378728909825,1,0.02631578947368421,20,0,8
1.5571667989014488,42,25689.060394491313,26.972062356858746,16497.30806784119,0,0.0,29,1,6
3.2433795751733188,39,27516.861292092475,12.02449454221402,8484.008933990415,2,0.05128205128205128,19,0,16
0.2709705292145828,45,22861.685184164475,166.06972031399138,84369.63698757144,2,0.044444444444444446,28,0,6
1.1210457719450193,38,31277.97882218521,33.89692102764889,27900.71521158122,2,0.05263157894736842,18,0,6
0.3561386522558728,44,37671.61395081696,123.5473872922605,105777.94269786605,0,0.0,22,0,6
1.1969272775102655,36,43000.39031776946,30.077015267697618,35925.649891791916,5,0.1388888888888889,14,0,7
0.7372197075628876,34,21694.36373750104,46.11922287373154,29427.270479812058,5,0.14705882352941177,13,1,6
0.18924275678156985,31,21755.70627889248,163.81076098876116,114961.89681914022,1,0.03225806451612903,19,0,6
1.7205389646036637,45,29086.355952050453,26.154595115703184,16905.37474038007,3,0.06666666666666667,22,0,13
0.5045942841901,31,24433.59445231223,61.43549574636306,48422.25767881897,0,0.0,18,0,6
0.5341277744228972,39,31929.467552046888,73.01623669006517,59778.70667097466,2,0.05128205128205128,20,1,8
0.34791331361974664,33,24432.953424094645,94.85121352978027,70227.12976945385,3,0.09090909090909091,17,0,9
0.4850871946840008,41,38767.08526652298,84.52088706796009,79917.76672599436,3,0.07317073170731707,28,0,11
1.1529367150300023,50,31947.184466207,43.367514754440684,27709.39987402141,3,0.06,36,1,8
0.7037054025089586,36,33390.40783033182,51.157771237292295,47449.41236955579,1,0.027777777777777776,24,1,2
1.0649518659255692,36,30489.466091594215,33.80434473318824,28629.900624752896,2,0.05555555555555555,23,0,8
1.0936683266704312,37,27669.880733473015,33.831097689957765,25300.06589631367,2,0.05405405405405406,22,1,10
2.3549731459801384,39,27039.14478188484,16.56069839546651,11481.721066772998,0,0.0,17,0,8
0.622364764086866,35,41538.006880007626,56.23711691222112,66742.22140604668,0,0.0,19,1,5
0.25120492128517685,34,20499.907057458473,135.34766686119966,81606.31150289545,2,0.058823529411764705,16,1,8
1.9227913016953326,31,24912.467127483753,16.122394548314826,12956.407232297302,1,0.03225806451612903,14,0,7
0.6280154331867258,37,22753.540992187398,58.91574958954696,36230.86279381634,1,0.02702702702702703,18,0,8
1.9970557195300802,20,21428.2346950367,10.014743106269526,10729.913284582213,2,0.1,12,0,6
1.112602305183776,35,31837.005871434983,31.457781308675987,28614.90194933243,2,0.05714285714285714,16,0,9
0.7371897006682862,31,19464.80767606642,42.05159129583268,26404.06893696554,1,0.03225806451612903,15,0,7
1.0822267404215677,38,32006.1497550696,35.112789751616724,29574.34755548732,1,0.02631578947368421,19,0,9
3.8993506844238683,38,30262.63873353164,9.745212235409529,7760.943085836601,2,0.05263157894736842,17,2,9
4.31278739839496,43,28251.32434231552,9.970350037658433,6550.595179542003,3,0.06976744186046512,23,0,9
0.8654591601581723,36,31912.90412763856,41.596416858561646,36873.95731279351,1,0.027777777777777776,20,0,7
0.9306727890045475,45,36903.37366794572,48.352117448423776,39652.36128523513,2,0.044444444444444446,21,0,10
1.936712844666088,38,29975.379202979915,19.62087467156322,15477.451541427672,2,0.05263157894736842,21,0,8
0.4162251970148824,30,22273.633559291426,72.07636686860005,53513.41946387503,2,0.06666666666666667,14,0,6
1.0687142582052058,41,33931.182155385424,38.363856087084706,31749.536318874707,3,0.07317073170731707,28,0,5
0.8019650277500623,41,32442.88094181435,51.12442386051019,40454.234061594754,0,0.0,32,0,9
1.052456093343547,44,33468.01919755813,41.80696969525487,31799.91964437548,3,0.06818181818181818,24,2,10
0.4203384559356933,27,17134.66264830044,64.2339515186559,40763.96629035017,1,0.037037037037037035,19,0,4
0.22954550399503054,32,33756.093546791955,139.4059105626951,147056.21743531403,0,0.0,12,2,5
0.15592397211100387,36,20193.278767101416,230.88175289923498,129507.21107031326,2,0.05555555555555555,27,0,6
0.33490536138678334,37,30598.057217739104,110.47897187070879,91363.2946664037,2,0.05405405405405406,19,0,12
0.5672584676142401,43,29771.33665458691,75.80318753256907,52482.842221462764,2,0.046511627906976744,26,0,11
0.6475538846599133,37,39468.58481453233,57.13810213559589,60950.27108865343,2,0.05405405405405406,15,0,8
3.8565960031770437,40,23494.925731988347,10.371840858375679,6092.140766788471,1,0.025,23,1,7
1.983364600902013,33,20382.536225143627,16.638393155243346,10276.747006513007,0,0.0,24,0,8
0.3792070590739096,35,20140.1462014505,92.29785986968744,53111.211195899894,1,0.02857142857142857,25,0,7
1.081302963838075,36,29096.053530159952,33.29316685882219,26908.326808689933,1,0.027777777777777776,19,1,12
0.591163536066928,33,16594.07908216227,55.822116870658846,28070.200663194468,2,0.06060606060606061,12,0,3
0.6521432253273659,35,23235.270483026074,53.66919204355843,35629.09124964431,3,0.08571428571428572,13,1,3
0.9495762177737591,45,16315.836834880292,47.38956089854543,17182.2298510509,2,0.044444444444444446,26,0,9
1.343578925563227,29,23004.99946854863,21.584143252204726,17122.1794498637,0,0.0,16,1,4
0.6241236413151512,44,29038.2983186504,70.4988516494638,46526.5155754411,1,0.022727272727272728,28,0,9
1.9176130820066468,30,14464.493582767993,15.644448967049764,7542.967722994422,0,0.0,16,0,8
0.32839091017469807,42,39707.20708648388,127.89635370131516,120914.45242915025,2,0.047619047619047616,22,1,6
0.8228932870233695,39,20070.178373337723,47.39375155322227,24389.77044755956,1,0.02564102564102564,24,0,7
6.541320008576251,34,30377.295382972676,5.1977276689449505,4643.909079993847,1,0.029411764705882353,18,1,8
0.9786940423292592,32,19962.004853830247,32.696633080386455,20396.57338295566,2,0.0625,14,0,9
2.5768600047078616,29,30110.202592614125,11.25400679393436,11684.842225655839,1,0.034482758620689655,24,0,6
0.8809240571833158,39,34511.84478326155,44.27169366301493,39176.86717923269,1,0.02564102564102564,24,0,6
1.302937950169308,43,24447.709479435027,33.002339055679855,18763.525520350537,1,0.023255813953488372,26,1,9
0.7823707425013964,38,22227.155342881506,48.570323423018564,28410.003257300785,2,0.05263157894736842,24,0,7
0.714390130266751,34,29205.81425597278,47.59304273605307,40882.163706639425,1,0.029411764705882353,22,1,8
0.43885513131156767,35,24597.017776525947,79.75296972237417,56048.14897119923,0,0.0,18,0,7
1.15516256982712,37,26622.178903237706,32.03012369552224,23046.26171121693,3,0.08108108108108109,24,1,6
0.4142731453437222,32,31328.095843807285,77.2437227941715,75621.83596963395,1,0.03125,16,0,8
1.394405541115475,29,17841.844081008825,20.797392971345356,12795.304920214232,1,0.034482758620689655,13,0,6
1.950780606614147,42,32190.180917646434,21.529842903706573,16501.179480924307,1,0.023809523809523808,18,0,6
1.097708830020649,46,42404.31813144109,41.90546595050592,38629.841513294035,1,0.021739130434782608,24,0,10
0.6511605889075955,26,23286.66984564461,39.928706440324184,35761.79247074973,0,0.0,16,1,9
1.1772397029988497,39,28129.51907400488,33.12834242733496,23894.470261535484,1,0.02564102564102564,26,3,9
0.6395832769717235,43,30013.868482200425,67.23127628288672,46927.225215000995,2,0.046511627906976744,26,0,7
1.7305472714662005,38,16606.502236356828,21.958371566356938,9596.09859272265,1,0.02631578947368421,15,1,9
0.18916703571654997,38,21275.28425017006,200.8806653657122,112468.24357944261,3,0.07894736842105263,15,0,6
0.6259493044331969,36,29062.967788204274,57.51264478614342,46430.226189836685,3,0.08333333333333333,21,0,7
0.16651837819571022,31,22480.617385702324,186.16563730620462,135003.8213756844,0,0.0,18,0,6
0.2475732789618806,37,28249.01434325107,149.45070063759576,114103.64826811795,0,0.0,20,0,6
2.4377848627997807,24,22489.57559361914,9.845003292224954,9225.414406663434,2,0.08333333333333333,15,0,4
1.6755609179011444,38,20378.709934014045,22.678972512440723,12162.321116644927,5,0.13157894736842105,15,0,12
0.4604347226085232,40,28299.50182392492,86.8744211413641,61462.57098856137,3,0.075,24,0,6
0.24610358244284222,39,30574.750963146747,158.4698589629746,124235.29417840864,0,0.0,23,1,10
0.07641142361174176,39,24306.797238226896,510.3948880492663,318104.2321856675,1,0.02564102564102564,22,1,9
0.5300433908037203,39,39298.96933977047,73.57888179845646,74142.92871415733,0,0.0,25,1,8
5.676483902464884,33,30147.005601582096,5.813457867055784,5310.8589964452185,2,0.06060606060606061,19,0,4
1.159405550347947,45,36100.07994941892,38.81299342278906,31136.714791976796,2,0.044444444444444446,21,1,7
0.5232699303527597,27,28969.966447536928,51.59860797236732,55363.331174040475,1,0.037037037037037035,18,0,3
1.1877540460955,32,15366.363189445581,26.941604707804192,12937.327588956128,1,0.03125,17,1,7
0.2348597662321326,43,32190.19858424202,183.08797922203206,137061.35836150672,1,0.023255813953488372,24,0,14
0.6454169801850269,39,31821.68552191711,60.426051990171615,49304.072404160375,2,0.05128205128205128,24,0,11
0.8865497623086454,36,21073.683296775387,40.60685765258474,23770.44605132808,0,0.0,26,0,3
0.7642345598254866,41,32969.27331861483,53.648450561254876,43140.25438229774,2,0.04878048780487805,24,1,7
1.5413287935740365,35,19278.530289136368,22.707679338710026,12507.733826494781,2,0.05714285714285714,24,1,5
1.0786563875192599,30,26229.009518680967,27.81237875853615,24316.371573160166,2,0.06666666666666667,17,0,11
1.3974663045001214,35,32914.35903921211,25.045326593774025,23552.882050337303,1,0.02857142857142857,17,2,5
0.472037038165981,37,29563.740451514666,78.38367968699481,62630.128700026406,3,0.08108108108108109,19,1,5
1.6790905821982363,28,11661.899012072674,16.675693555104626,6945.366221282188,2,0.07142857142857142,11,0,6
3.013642735271072,43,24767.018146174894,14.268446454099086,8218.29935456737,0,0.0,24,1,9
0.3767702793987431,42,35769.20762429149,111.47376079404238,94936.3832024454,1,0.023809523809523808,21,0,6
0.4024612240325439,28,21106.841163302324,69.57191979751038,52444.40930685928,1,0.03571428571428571,14,0,6
2.383636991769925,52,13784.135498398311,21.815402336657133,5782.816572318405,1,0.019230769230769232,31,0,7
0.7025243690364362,45,43816.92610933275,64.05471750641306,62370.68497628187,0,0.0,26,2,4
2.5169733136491397,38,29434.730502776216,15.097498171288562,11694.494472053568,0,0.0,21,1,4
0.574630203449455,43,25910.362100639653,74.83073416934012,45090.498106611885,0,0.0,21,0,8
2.622259789289197,50,46454.60037809998,19.06752344074698,17715.4836327991,2,0.04,28,0,16
0.9095445069878927,33,20725.41232333302,36.281896868669975,22786.584014419106,1,0.030303030303030304,20,0,7
1.0066047746151243,37,23164.90889675593,36.757226801499094,23012.913787949237,0,0.0,13,1,9
2.8627262851476845,36,29322.125178570954,12.575425106750227,10242.727476496504,2,0.05555555555555555,23,1,6
0.6129840383563436,29,31047.020757244776,47.30955161207891,50648.98727297094,0,0.0,11,0,7
0.3856219950607165,32,33351.86214512383,82.98281843327317,86488.48502501148,1,0.03125,15,0,11
0.5718655507184714,30,24442.442094082176,52.45988320560501,42741.58858384382,0,0.0,14,0,5
1.1757040510258845,38,31662.717906536185,32.32105900021551,26930.85719906148,2,0.05263157894736842,18,0,16
0.23395949948122757,30,26774.094233258053,128.22732167969585,114439.01313101566,3,0.1,19,0,7
1.363393376856595,35,18331.002845173098,25.67124103294026,13445.131211827207,1,0.02857142857142857,18,0,9
0.5320504016980091,47,40699.49493230577,88.33749556433399,76495.56283091905,0,0.0,23,0,8
2.050841360253053,43,26568.271356569094,20.96700448575615,12954.815458417925,1,0.023255813953488372,22,0,9
0.12058405179729415,39,31485.716028911993,323.42585456956044,261110.11829193254,0,0.0,23,1,8
0.43637530261464796,40,28362.233081227172,91.66421600931662,64995.04649160483,3,0.075,25,0,12
0.21242325240907145,42,35289.134952983455,197.71846784041804,166126.51653137218,0,0.0,25,0,12
0.4227460761001792,37,28536.569076943026,87.52298860186703,67502.85973128854,4,0.10810810810810811,21,1,7
0.9981344631681868,34,6693.054742573646,34.0635468011798,6705.564219603405,1,0.029411764705882353,18,1,11
0.7093676778353911,37,28941.418799956504,52.15912869459194,40798.8969673247,1,0.02702702702702703,17,0,10
0.6685112491324805,55,47607.3142277627,82.2723627633385,71213.93138790435,4,0.07272727272727272,28,0,12
0.7208329237128177,34,28229.081491831337,47.16765686128082,39161.75380340688,0,0.0,17,0,4
0.9633972805972892,38,27798.312127933314,39.44374845696126,28854.46397637624,2,0.05263157894736842,23,0,5
0.3653758118627785,33,34504.44045006661,90.31796558113038,94435.48075652361,0,0.0,18,0,3
1.4412052068163115,36,29017.697876708364,24.979093768003832,20134.32767205289,3,0.08333333333333333,21,0,4
1.3911528283385743,39,32322.466567355605,28.0343030654489,23234.303168515045,1,0.02564102564102564,24,0,13
1.1140815573877598,42,39396.3587190223,37.699214856836335,35362.18552203379,0,0.0,30,0,6
1.2779110520534656,39,31795.402857870125,30.51855599599925,24880.763654699076,3,0.07692307692307693,23,1,9
1.0378324968240913,22,12943.849696479756,21.19802575783953,12472.002694162784,0,0.0,14,0,5
4.170594710983961,38,11821.772089747385,9.111410394282768,2834.553081509638,0,0.0,20,0,8
0.7636273757710382,40,26564.72950546981,52.38156890278037,34787.555224362244,3,0.075,27,0,6
0.6403972611379598,26,23061.225061123627,40.59979887140532,36010.81150807043,1,0.038461538461538464,16,0,6
0.44806271645149337,34,23339.05045172303,75.8822342311108,52088.80273851056,3,0.08823529411764706,24,0,7
0.35850590901784646,36,32191.635852385607,100.41675491102691,89793.87798816757,2,0.05555555555555555,19,0,8
0.30252921426829926,40,31070.842866625968,132.2186357993375,102703.61142402157,2,0.05,21,0,6
0.4021066807436058,33,32401.112457357376,82.06777350471752,80578.39874094808,1,0.030303030303030304,19,0,8
0.7737207138549691,27,18815.246803393587,34.89631273470216,24317.879134512135,0,0.0,18,2,3
1.0697619026218155,35,29195.973407376434,32.71756071535226,27292.0295028471,4,0.11428571428571428,14,1,7
0.8529227032197902,36,30278.135218189127,42.20781070089904,35499.27221293197,0,0.0,19,0,7
0.44377916254359484,20,20405.766741472293,45.06746077343208,45981.80460865537,1,0.05,10,0,3
1.6822760214624057,39,17269.406109533367,23.182878137974782,10265.500957756647,1,0.02564102564102564,21,0,10
1.4792425080113385,40,26699.460423217264,27.040867054162156,18049.41399305205,1,0.025,19,0,6
0.7205657252819699,45,40622.98045364688,62.45093045799634,56376.50949571658,2,0.044444444444444446,21,0,13
0.4856180275086864,37,38045.6705553258,76.19157013139956,78344.84800843862,2,0.05405405405405406,21,1,10
1.269651351830816,33,26176.024785093956,25.99138728314238,20616.702961288207,2,0.06060606060606061,17,1,6
0.9515898850617329,31,21616.710762528102,32.577059179216604,22716.415024867307,2,0.06451612903225806,19,0,5
0.2570455923882227,38,33678.6896417332,147.83369614293017,131022.24134179042,1,0.02631578947368421,20,0,5
0.7753938347863759,38,34441.92629858471,49.00735380552665,44418.62283838457,1,0.02631578947368421,22,0,11
1.0096751542455864,33,22613.609628716196,32.68377939304359,22396.91601167777,0,0.0,25,0,7
0.39861635968219217,27,21855.293537182875,67.73429977015115,54827.889037488596,2,0.07407407407407407,10,0,2
0.9530143804952862,45,43312.27082553695,47.21859493517116,45447.65715185468,1,0.022222222222222223,21,2,9
0.2556724903279504,37,40340.45689520785,144.71639069397023,157781.765427572,2,0.05405405405405406,22,1,4
2.3844032419423704,36,31812.08013584469,15.098117368215732,13341.736656057428,0,0.0,11,0,8
2.221894006084641,43,32591.63506019169,19.352858364190553,14668.402259936669,3,0.06976744186046512,25,1,9
0.6689714687027322,41,30350.92520084024,61.288114543221255,45369.536102483835,3,0.07317073170731707,23,0,5
1.0950099722134683,38,32312.592451204382,34.70288030636495,29508.94811111835,3,0.07894736842105263,18,1,10
0.11908264005604544,33,24062.903315672065,277.1184782640759,202068.94392286753,0,0.0,20,0,5
0.32462710383228355,41,32149.546882785224,126.29875791635186,99035.31314315356,5,0.12195121951219512,23,0,8
0.6472496920571551,40,22383.290895377704,61.79995215272782,34582.15765887326,1,0.025,21,0,9
0.3472513474042158,43,42289.22270084157,123.82961310714833,121782.74617784293,1,0.023255813953488372,27,0,13
1.44993276458334,36,19611.602968076564,24.828737496903962,13525.870610774324,1,0.027777777777777776,20,0,7
4.046438957570509,35,23527.69590914602,8.649580623110172,5814.420075490796,1,0.02857142857142857,21,0,10
0.3194061541491839,28,21491.870034693144,87.66268162423114,67286.96287002352,1,0.03571428571428571,14,0,5
0.4189638149593518,44,48768.616088718016,105.02100283832128,116402.93110623308,1,0.022727272727272728,28,1,12
0.9884261924682873,35,23587.09719543034,35.40982651683721,23863.286277884738,1,0.02857142857142857,21,0,5
2.9709831316583073,37,23314.334679023763,12.45378999487883,7847.346701699532,2,0.05405405405405406,19,0,9
0.30792487132514895,46,29939.235924476186,149.3870884870061,97229.02796267558,3,0.06521739130434782,29,1,6
0.9992291950684186,38,39846.85662646138,38.02931318214545,39877.59447294073,2,0.05263157894736842,22,0,13
3.5149984371886718,39,9507.324105587732,11.095310765256714,2704.787576859288,2,0.05128205128205128,20,0,12
0.21840430614089637,35,19932.750523463903,160.25325058115337,91265.3732688079,0,0.0,17,0,7
0.29380019090122306,38,47182.01477065133,129.3396028213466,160592.18554597243,3,0.07894736842105263,25,0,8
0.5833982126867396,36,30828.91583622581,61.707422506846946,52843.69263705586,0,0.0,17,1,8
0.5398463428010779,41,22587.831073876558,75.94753682550675,41841.222738818666,1,0.024390243902439025,21,0,7
1.568439271293619,30,22273.642896256235,19.127294597295162,14201.150981054789,0,0.0,18,0,7
0.9933499857203306,33,25150.6801224431,33.220919589654955,25319.052180994408,2,0.06060606060606061,16,0,8
0.19790470585274628,32,28873.68141641629,161.69398227351925,145896.8915974143,1,0.03125,16,0,6
1.2365538066537078,32,34595.531536257964,25.87837247988148,27977.376601086562,2,0.0625,17,0,4
0.5158026180271061,50,40996.96513151294,96.93630519217805,79481.8864788284,1,0.02,27,1,14
2.2694959844378735,45,29377.714745595018,19.828191064698427,12944.598689330363,1,0.022222222222222223,23,1,6
0.4955584209427296,43,38342.0335818401,86.77079872479737,77371.3692704481,1,0.023255813953488372,13,1,9
0.4919922933763142,35,21851.008009763977,71.13932569921224,44413.31359036271,0,0.0,19,0,4
1.2622619231268462,40,22559.97002887899,31.689144120669443,17872.653540078238,1,0.025,19,0,5
1.5073319777617646,35,15162.574106674396,23.219835123495127,10059.213451564454,2,0.05714285714285714,17,1,3
1.171727893185959,41,19199.35244858704,34.991059134488914,16385.504313961064,2,0.04878048780487805,19,1,7
0.21257129225718815,46,27077.434107291032,216.39798823043802,127380.48407087012,0,0.0,20,0,10
1.2591382418615356,30,16139.935254415297,23.825819121852252,12818.23926700351,2,0.06666666666666667,19,1,6
0.3579197637373717,32,25804.242397678372,89.40551274916581,72095.04758338121,1,0.03125,20,0,7
0.9882899914087028,44,23500.737539473637,44.52134533638518,23779.19208306038,0,0.0,23,0,10
0.2621109089164326,37,6813.182428515205,141.1616180072708,25993.509605078725,0,0.0,21,1,5
1.1700631456969466,34,19111.25993951247,29.058260765702475,16333.52867304343,1,0.029411764705882353,18,0,3
0.4294374754125327,30,19951.957902304337,69.85883095363522,46460.68180970416,1,0.03333333333333333,14,0,7
0.2934324791427983,42,26922.801871687945,143.13343949754378,91751.2674477525,2,0.047619047619047616,18,0,9
1.449264388150372,35,35823.005479647865,24.150182869440997,24718.06095047094,1,0.02857142857142857,20,2,7
0.9933379081327842,38,24303.36889446221,38.25485737419412,24466.36607289678,2,0.05263157894736842,19,0,6
0.5009838363890067,33,29982.685371403237,65.87038862941674,59847.61022932907,1,0.030303030303030304,21,1,9
2.6141606718724613,31,23144.077093780794,11.858490693992207,8853.349123794767,1,0.03225806451612903,17,0,3
0.5754966123662861,41,30437.791124536223,71.24281727987783,52889.609548498076,3,0.07317073170731707,29,0,9
0.8400332027662687,28,16789.683344205892,33.33201581532098,19986.9282415465,1,0.03571428571428571,15,0,3
1.0152458075932855,31,22921.992804179317,30.534477235111925,22577.7763697617,0,0.0,17,0,7
0.49870888647789374,34,20817.61170338781,68.1760460298257,41743.01334474134,1,0.029411764705882353,17,0,6
1.1935225190787777,31,24198.735673540505,25.973535902722137,20275.055800554426,5,0.16129032258064516,16,0,7
0.5343191936224847,37,26176.577446726234,69.24699775269873,48990.52431423773,4,0.10810810810810811,21,0,4
0.5890108598215303,32,18558.943104816382,54.328370124951455,31508.660316449383,0,0.0,25,0,7
2.4354075442766696,44,40855.80317042871,18.06679136861599,16775.756183576712,3,0.06818181818181818,28,1,6
0.3561266539032258,45,37207.40788817355,126.35953952558783,104478.02061534076,1,0.022222222222222223,18,1,10
0.11881064582539276,45,30120.69185344779,378.7539381456875,253518.45909257955,1,0.022222222222222223,20,0,6
2.970557352578949,40,31047.549938654232,13.465486524026609,10451.759132574794,2,0.05,23,0,4
6.293153913186452,28,20577.534491630104,4.449279389358298,3269.8285749078323,1,0.03571428571428571,17,0,7
0.5920196735161809,36,21378.010726533983,60.80878999541568,36110.30457748747,1,0.027777777777777776,20,0,4
0.1738659928549481,30,22880.679636714285,172.54668096611752,131599.5109854694,2,0.06666666666666667,15,0,4
0.6386573601877085,45,28719.80478606027,70.46031691668597,44969.034378025804,1,0.022222222222222223,26,0,11
0.6511740205173684,42,24356.300202712053,64.4988876654359,37403.673112389486,2,0.047619047619047616,28,0,11
0.7033229721578234,40,18316.07522208102,56.87287573911937,26042.19675334443,1,0.025,23,0,11
0.3359777190605516,32,21934.421643617487,95.24441111594307,65285.34601922324,0,0.0,19,2,5
1.3016711175381406,29,24709.586843027035,22.279053141201977,18982.972357687744,1,0.034482758620689655,17,0,6
1.2455857487873068,39,24373.491339280405,31.31057017790234,19567.895155359845,4,0.10256410256410256,25,0,10
0.2477030830497791,32,38519.2820668299,129.18692656550098,155505.8644913554,1,0.03125,16,0,4
1.4324086319746128,40,36376.936706299675,27.924992287193184,25395.641923878324,0,0.0,22,1,9
4.2297715544377095,48,47269.41234618653,11.34813059812658,11175.405512525453,2,0.041666666666666664,29,0,6
0.9394771949273153,44,39298.32465562417,46.83455887761507,41829.99317898778,4,0.09090909090909091,24,0,12
0.6250896936796809,44,47674.690601513495,70.38989835360688,76268.55967000437,4,0.09090909090909091,24,1,10
0.7308094149221636,39,23725.246076022755,53.36548654638471,32464.341032811768,2,0.05128205128205128,19,0,8
1.3393781158307223,40,11562.690823257924,29.86460621330281,8632.8802050692,1,0.025,17,0,8
0.20504264760030647,25,16742.434762412027,121.9258544141167,81653.42653518781,1,0.04,17,0,3
0.9338051908472129,29,24663.900964358145,31.055727987214535,26412.255153541544,2,0.06896551724137931,13,1,5
0.5990733947526856,34,26427.283867097627,56.75431474308112,44113.59959994143,3,0.08823529411764706,17,2,8
3.590387051097291,31,24787.137169200232,8.634166611793512,6903.750714459827,2,0.06451612903225806,16,1,6
0.7122415374947425,40,39510.55201922308,56.16072342634926,55473.52960934932,1,0.025,23,0,8
3.1090278499840056,33,27019.42199230725,10.614250367737867,8690.633630845812,0,0.0,19,0,5
0.3385807853532788,36,32176.95577078982,106.32617548700296,95034.7957200703,1,0.027777777777777776,27,0,8
1.3097120887033709,33,19168.997313394615,25.196377344787553,14636.039079682108,0,0.0,12,1,6
1.0570903817450925,36,19901.84889388008,34.05574454340373,18827.00782976117,0,0.0,19,1,5
0.4085104440039257,43,44743.24176420954,105.26046673016462,109527.7793284021,2,0.046511627906976744,24,1,13
0.9435715255616851,32,24581.19284244711,33.913698255096435,26051.223650283984,2,0.0625,17,0,6
2.1597988005527204,36,22961.474891269045,16.668219276159952,10631.302733103152,3,0.08333333333333333,25,1,7
0.6318941623916057,40,25525.959646460753,63.3017400391977,40395.941544782734,2,0.05,25,1,14
0.21149157425317577,40,25326.313524204546,189.13283019074865,119750.93387827597,3,0.075,21,1,7
0.8073078077583385,35,21783.558167411196,43.35397188488109,26982.964809789053,2,0.05714285714285714,19,0,11
0.3977472698256193,42,21799.402612316335,105.59469086592014,54807.17095022085,2,0.047619047619047616,21,0,10
0.6225864710760897,36,17277.275793611105,57.82329310461397,27750.805062867414,0,0.0,19,0,8
0.766998666852982,31,22161.875572688343,40.41728015929142,28894.28173795812,1,0.03225806451612903,16,0,5
0.20918802865893682,32,20584.7469869545,152.97242488083896,98403.0831922804,0,0.0,15,0,3
0.2248039316753434,42,39870.124197951314,186.82947262975551,177355.10184728805,0,0.0,28,1,8
1.2040049623369105,35,28096.382915581577,29.069647630078563,23335.77002959188,0,0.0,18,1,2
0.5389271057925966,43,34303.55884380359,79.78815601928238,63651.5745359543,3,0.06976744186046512,22,1,5
0.10521015283925526,40,24649.533065607957,380.19144465186525,234288.53965518525,2,0.05,24,0,9
1.5339946714170294,42,30585.025176703384,27.379495367609362,19938.15607485157,4,0.09523809523809523,26,0,10
1.0180568936304666,35,28524.306952878076,34.37921811539176,28018.38200923946,4,0.11428571428571428,22,0,5
0.46250409906338197,34,29883.117927041574,73.51286198079859,64611.57422725105,3,0.08823529411764706,21,1,8
0.2855140129806542,35,25658.481492934297,122.58592716558371,89867.67838492346,0,0.0,19,0,11
1.5978297736596963,35,33048.479809742515,21.90471136348612,20683.354606697383,3,0.08571428571428572,22,2,8
1.0827244440837778,48,36069.02762896462,44.33260952247044,33313.21078604346,3,0.0625,25,0,12
5.507340430500992,39,34815.78677199411,7.081458009025282,6321.705950693698,3,0.07692307692307693,25,0,9
1.145854765951389,29,19192.971471164637,25.308617515695072,16749.916343219076,0,0.0,21,1,4
1.1164594949091828,33,13983.225102582268,29.557722559996993,12524.614790185216,0,0.0,20,0,6
0.7163815634745686,37,29537.27086020336,51.648453682341994,41231.19907908117,3,0.08108108108108109,23,2,12
1.573686087193747,30,26416.74994099178,19.063522416657484,16786.543489177737,0,0.0,10,0,7
1.349950818435933,38,32435.375749563776,28.149173644731142,24027.079584383482,1,0.02631578947368421,22,0,10
2.2286143103798226,38,31387.756764232086,17.050953959603564,14083.978828477806,1,0.02631578947368421,23,0,12
0.5395292197735929,28,19243.121691586864,51.897096531212654,35666.50514250556,0,0.0,18,1,4
0.5779164457095386,39,23586.641314851942,67.48380373934097,40813.237778505114,0,0.0,22,0,7
0.5580634927801846,39,33123.132448687335,69.8845212140793,59353.69877659098,5,0.1282051282051282,21,1,9
1.541323367476026,35,28936.618722049134,22.707759279166574,18773.87920838047,3,0.08571428571428572,17,1,3
2.7147491424717276,35,22716.335727683898,12.892535613118627,8367.74763910639,3,0.08571428571428572,20,0,7
0.5671834999636389,54,51283.6031189468,95.20728301063384,90418.0095546406,1,0.018518518518518517,29,1,13
0.582853749708657,47,27780.957746927303,80.63772434078572,47663.68537701573,1,0.02127659574468085,26,2,10
1.052598405478832,41,26443.59746452212,38.95122753995519,25122.209312575204,1,0.024390243902439025,19,0,7
0.6725968251106073,38,39693.148452416994,56.49744182742904,59014.77225362985,1,0.02631578947368421,20,1,9
1.753551083554954,36,32628.410956515752,20.529769755562302,18607.049011864856,0,0.0,21,0,5
0.13514299586576495,32,21937.86639806771,236.78622628571156,162330.76866120525,2,0.0625,16,0,9
0.4225852668431206,30,24051.855832075173,70.99158999108485,56915.98292517879,5,0.16666666666666666,14,0,3
0.4378262804886205,25,19446.565100357275,57.100272674585995,44416.16679257953,1,0.04,14,1,7
0.12792836631161672,40,10231.580172162876,312.67498486274144,79978.97938632382,1,0.025,15,0,8
0.3787379433157095,35,20539.214118317697,92.41218266537557,54230.67448300673,1,0.02857142857142857,16,0,6
0.39371621618959757,39,28893.056747892842,99.05611807774562,73385.48822682766,0,0.0,24,1,8
0.6970600453770202,38,26060.777500334345,54.514672375816446,37386.703876046726,1,0.02631578947368421,18,0,5
1.99445875609091,40,31779.138466779026,20.055566392558056,15933.71553546956,1,0.025,21,1,8
0.6729740418036303,34,32412.43175524127,50.52200811323566,48162.97470905872,1,0.029411764705882353,18,1,9
0.3589217157620673,32,22147.95388039338,89.15593176650563,61706.92077900206,1,0.03125,18,0,8
0.7822635044599682,43,24063.751878009025,54.96868990415812,30761.695695648385,3,0.06976744186046512,20,0,6
1.895227524740297,33,26679.61885155561,17.412157416045332,14077.264340708389,0,0.0,17,2,8
0.3750233257703512,34,23501.065198565044,90.66102736452238,62665.609266545,0,0.0,18,0,9
0.39516182788347304,30,21657.257095561727,75.91826407090748,54806.04544107967,0,0.0,21,0,8
1.2799732348242896,37,25806.787030440497,28.906854450811416,20161.973960325166,0,0.0,21,2,7
0.685759090759843,30,34605.924120059324,43.74714153152391,50463.675343647075,1,0.03333333333333333,13,1,3
1.374359428750259,28,9706.850524570356,20.373127592584083,7062.8180092576295,2,0.07142857142857142,14,0,9
0.8098409299036897,32,21763.196717955958,39.51393269762939,26873.421574955646,3,0.09375,22,0,6
1.4352383291772266,34,25477.423163031843,23.68944537559211,17751.35365680847,2,0.058823529411764705,15,1,6
0.3576993352096779,38,23156.985352785792,106.23447196994364,64738.68714128731,1,0.02631578947368421,18,0,9
0.8108536311453618,36,32830.87139219128,44.39765528230862,40489.26974134212,0,0.0,19,0,6
0.6917352304820745,37,33166.296140272796,53.488673656558554,47946.51866604944,1,0.02702702702702703,26,1,10
0.30952613762782333,40,29656.16674688251,129.2297972202151,95811.51037571282,1,0.025,22,0,5
0.23438684185285966,39,27349.870237487266,166.39159302501682,116686.88404725643,3,0.07692307692307693,26,0,9
1.417081150386969,28,20435.7375554725,19.75892488045156,14421.007258400141,1,0.03571428571428571,17,0,10
0.6183121167232332,26,19009.598460928246,42.04996036271764,30744.340838200427,0,0.0,13,0,11
0.36138036766118414,25,18397.321373434068,69.17918690989602,50908.46935736881,0,0.0,10,0,8
0.7580975940834153,30,21484.804851809284,39.57274133849715,28340.420836957914,0,0.0,18,0,8
2.018621970676662,42,33408.51681831849,20.806273096255453,16550.16011101852,4,0.09523809523809523,20,0,7
0.13204793527461156,33,29224.07966507752,249.90924645184364,221314.17355600517,0,0.0,14,1,11
0.2472609674018691,38,20085.020590425735,153.68377952772158,81230.04937444044,0,0.0,27,0,11
0.391288885770295,40,22435.219925521327,102.22626160529865,57336.71653196881,0,0.0,24,0,8
2.635157871223135,43,18716.470451797526,16.31780792702227,7102.599300098133,3,0.06976744186046512,22,0,8
1.026412370263917,32,28990.449026059774,31.17655332989798,28244.44625370755,1,0.03125,16,0,4
1.51263595179694,27,21466.571204905653,17.849635246289946,14191.498740595434,1,0.037037037037037035,16,1,6
0.32885816345195173,39,32796.977961848046,118.59216019035559,99729.85805669347,1,0.02564102564102564,20,0,9
0.3343293479271894,27,13302.638561553544,80.75868950003183,39789.02433791307,0,0.0,14,0,5
1.171460163131533,33,35352.59184990802,28.169972004668775,30178.227960739106,3,0.09090909090909091,16,1,6
0.8578032353255105,42,26897.087134421097,48.96227744357045,31355.777207128933,1,0.023809523809523808,21,0,9
1.2699671767925838,33,25749.14249424086,25.984923550027858,20275.439369443102,0,0.0,22,0,3
0.7045917000949801,50,45189.46194610535,70.96308400064878,64135.67168051191,2,0.04,31,1,15
1.0227703563398112,34,19459.68389452804,33.24304404135824,19026.44496284427,0,0.0,22,0,5
0.9291317490591471,35,22808.156541370197,37.669577038392596,24547.817426824648,0,0.0,15,1,4
1.5253347760835956,36,28161.033099413664,23.60137627782442,18462.198293098056,2,0.05555555555555555,16,1,2
1.5614371162487088,34,42987.735221844,21.774812220221627,27530.878300831184,1,0.029411764705882353,16,1,9
0.22404741049806776,33,26538.680972541024,147.2902539986491,118451.18367377829,0,0.0,22,0,9
0.13563133524795745,39,40526.65527742764,287.5441720654101,298800.09072636446,1,0.02564102564102564,21,1,5
1.8246648350139572,42,40614.888977651186,23.017925919353146,22258.821564531612,2,0.047619047619047616,26,1,6
2.117381268889979,32,26119.73781020843,15.113007973654057,12335.868931107292,0,0.0,19,0,6
0.3618598070130632,39,22305.845683152635,107.7765456239026,61642.23063974438,0,0.0,23,1,6
0.1849132791355046,31,29163.425148365754,167.64615361822217,157714.06620827253,1,0.03225806451612903,14,0,8
0.8862358714633273,35,16811.9048476173,39.49287218786236,18970.011696612964,2,0.05714285714285714,22,1,3
1.7240403573106589,42,43602.61593499882,24.361378677652336,25290.948526874865,4,0.09523809523809523,22,0,9
3.4489699386219956,36,28296.034397254294,10.437899036714558,8204.198616053962,1,0.027777777777777776,13,0,6
1.2374317441302483,47,12829.108789857431,37.98189291889778,10367.5284319416,0,0.0,24,0,9
0.608125893198426,45,30991.900630242108,73.99783581541546,50962.96832098503,2,0.044444444444444446,29,1,8
0.40071513234943745,40,34708.424310645176,99.82153597613234,86616.20564999834,2,0.05,18,0,5
0.8262656337503755,39,27586.092411260837,47.20031719458195,33386.469537706704,0,0.0,20,0,6
0.644415378513125,39,34269.34079317489,60.51997096963395,53178.96179362658,2,0.05128205128205128,22,0,4
0.36347152358964513,32,19103.86079397718,88.03990938263325,52559.44291125597,0,0.0,16,1,4
4.216496292256384,39,20082.003743030993,9.249385579117831,4762.722969758492,3,0.07692307692307693,18,0,13
3.414853938911998,32,23588.474478445794,9.370825391786882,6907.608612379271,2,0.0625,18,0,5
2.0316310571021834,35,26448.863703926465,17.227537390534994,13018.536811330201,1,0.02857142857142857,19,0,6
0.3919267502548288,35,24055.17858830737,89.30240147487554,61376.72045265299,4,0.11428571428571428,20,0,4
1.6225767295824332,41,39807.40866221938,25.26845063934281,24533.45221613263,5,0.12195121951219512,27,0,10
1.3657464481049193,43,25669.394916423695,31.484614190039363,18795.13942872925,0,0.0,21,0,12
1.166533463730046,34,27416.57351687398,29.14618487778601,23502.60354230061,1,0.029411764705882353,22,1,9
2.2249450387662493,39,29727.14919756865,17.52852287156982,13360.846528619244,2,0.05128205128205128,22,1,8
1.361105060488192,32,15033.31611569616,23.510308593314946,11044.934408152234,0,0.0,18,0,8
1.479954566573196,40,20502.98267758671,27.027856735236927,13853.791961371451,1,0.025,24,0,7
1.362777677373132,42,31590.047282839656,30.81940708110109,23180.631593358732,1,0.023809523809523808,24,0,11
1.0753359521675967,31,34305.095992673254,28.82820009645552,31901.747471125775,3,0.0967741935483871,16,1,8
0.19654007906344106,38,32462.205513387868,193.34478840691827,165168.37516336507,1,0.02631578947368421,22,0,1
0.8753748029836612,36,15817.886333062781,41.125241299265426,18069.8442303211,2,0.05555555555555555,23,0,7
0.5246869042864039,27,5133.02800352002,51.459260331113335,9783.030530371543,1,0.037037037037037035,12,1,4
0.2940890206608668,32,28222.388695705227,108.81059050790368,95965.46186010222,0,0.0,12,0,3
3.1438661340768776,51,37366.76022671913,16.222064752440534,11885.607921308965,4,0.0784313725490196,28,0,13
3.2647927116656903,39,37261.687105962796,11.945628235644486,11413.18619489075,0,0.0,23,0,2
2.428749413522466,34,20110.006325245977,13.998974044295945,8279.984016992521,0,0.0,23,0,8
1.004179443097882,33,26830.262237279647,32.86265241418942,26718.59339652343,1,0.030303030303030304,23,0,12
2.4121056910835774,41,36994.760157145625,16.99759680993986,15337.122371502164,2,0.04878048780487805,23,2,8
0.8266635856631563,36,24100.435624422,43.548549403105135,29153.861428513792,1,0.027777777777777776,15,0,6
0.9629419219716505,30,20199.137920752248,31.154526888365357,20976.48618246254,0,0.0,15,0,6
0.3413738402891973,33,24900.06121672444,96.66821561969661,72940.74201945344,1,0.030303030303030304,19,1,9
1.124786279238791,30,25430.452271425776,26.67173360285188,22609.14161278359,0,0.0,11,1,4
0.8592535280806349,34,25412.275892387104,39.569229440288474,29574.828687816967,0,0.0,19,0,5
0.28877088421738745,31,28684.899564697935,107.35154302004742,99334.45902081968,1,0.03225806451612903,19,1,7
0.7858748764806052,38,25340.363305413513,48.35375342468759,32244.781025314907,0,0.0,21,0,12
0.768139707872925,36,18391.99906859905,46.86647445903885,23943.559849976766,1,0.027777777777777776,22,0,6
3.4488779053572443,28,30963.955855290427,8.11858255593994,8977.979709630543,1,0.03571428571428571,12,0,5
1.6742589723343206,41,26287.80302431675,24.488445740766206,15701.1570245105,2,0.04878048780487805,24,0,15
0.8262617651313904,44,28497.93869695544,53.25188923997133,34490.20625131281,1,0.022727272727272728,23,2,6
0.9990303182863255,42,31002.526892694284,42.040766162176325,31032.618655531987,1,0.023809523809523808,24,1,5
0.8482074000895701,33,25149.055791344646,38.90557898518125,29649.65383311785,0,0.0,14,0,7
0.6960518057725993,43,29257.068607140693,61.77701091123688,42032.88945521248,4,0.09302325581395349,22,0,4
0.3444033574059405,41,30621.337840516313,119.04645851542678,88911.26402238765,1,0.024390243902439025,23,2,6
0.7255382381748952,44,32685.08312708886,60.64463274972635,45049.42869628593,1,0.022727272727272728,28,0,10
0.4507336883633454,34,26569.89428136734,75.43256889330164,58948.0994372642,1,0.029411764705882353,15,0,8
0.3011181907098373,31,10095.219978850775,102.94960901207106,33525.77257140438,0,0.0,17,0,6
1.23241720922762,26,28302.50111679673,21.096751818562083,22965.03238098603,0,0.0,16,0,5
1.1196450640090938,47,34003.940867497644,41.97758871164752,30370.286049170187,0,0.0,22,0,10
0.19605383107975866,30,25635.36214501372,153.0191980170762,130756.75187691048,1,0.03333333333333333,21,2,7
0.7421917025172307,39,19575.72858243115,52.54707088172355,26375.569163651064,2,0.05128205128205128,23,0,10
1.8158634937609115,28,18626.158683303776,15.419661277515976,10257.466349921686,1,0.03571428571428571,15,0,7
1.9105267533242984,26,16353.561745620462,13.608812310406147,8559.713553953337,2,0.07692307692307693,15,0,6
1.8601729630860295,40,40582.011104461526,21.503376725592197,21816.256826535053,1,0.025,22,0,11
0.8446191743297707,45,29004.909784629348,53.278449468908605,34340.81378468061,4,0.08888888888888889,27,1,12
0.416430264996018,49,43436.2654848116,117.66675988467973,104306.21675690875,3,0.061224489795918366,31,1,7
0.3440531726535373,37,23418.19978519652,107.54151666335345,68065.64114663383,2,0.05405405405405406,26,0,12
1.0786215936579595,25,16713.214771557254,23.177729935126557,15494.975132916876,1,0.04,16,0,8
1.10896153957533,30,21174.029107916293,27.052335837984348,19093.56488235359,1,0.03333333333333333,12,1,5
2.2930089092585053,31,30413.855807707496,13.519354362222924,13263.732070514494,1,0.03225806451612903,17,0,2
1.9738455983027183,38,15573.407812233989,19.251759120711192,7889.881470782386,1,0.02631578947368421,21,1,8
0.7365464877669384,40,20527.222402024086,54.307502193475926,27869.55439059728,0,0.0,23,0,8
0.3025935772437209,38,15180.432666681652,125.58098670215095,50167.72928545912,1,0.02631578947368421,19,0,9
0.63426699996336,47,26049.73206681813,74.10128542508923,41070.60917298702,0,0.0,30,1,9
0.9741255870730045,48,28987.775557700195,49.27496067958505,29757.739599881537,0,0.0,28,0,6
0.6965145496544163,28,12863.01447938444,40.2001652569821,18467.689563364573,3,0.10714285714285714,14,1,4
0.5156560598295856,34,21007.015790718226,65.93542217119749,40738.42513876525,2,0.058823529411764705,19,0,10
1.002310517116146,42,16268.758524143383,41.903181980812356,16231.255929501724,2,0.047619047619047616,21,0,4
0.547076740419701,30,17002.86089165452,54.83691369694294,31079.480510559508,1,0.03333333333333333,13,1,7
0.4953687387429171,34,32846.57284745043,68.63574008784005,66307.318727468,1,0.029411764705882353,16,0,5
1.050390781137947,33,27147.31313746975,31.41687892981054,25844.965154834616,3,0.09090909090909091,21,0,6
0.5935735990551191,33,25863.557972704817,55.59546457681254,43572.62185157115,2,0.06060606060606061,22,0,7
0.9952946163500711,42,23918.994114529894,42.19856041623308,24032.074243750314,2,0.047619047619047616,26,1,7
1.0187365859103659,40,18940.188294877986,39.26432068232349,18591.840674841973,1,0.025,20,0,9
0.3290507776140996,40,21798.07625615318,121.56178535736737,66245.32667635048,1,0.025,18,1,9
0.5571098177835067,36,26720.000321713822,64.61921662631627,47961.81914011294,2,0.05555555555555555,15,1,4
2.5862825917542853,37,33532.05735297961,14.306247939790198,12965.349362783549,4,0.10810810810810811,22,0,7
0.32314193979780004,30,27372.78405253073,92.83845983833585,84708.23709747713,1,0.03333333333333333,14,1,7
0.15057054618926302,51,44039.02148759699,338.71166234526646,292480.9838455468,2,0.0392156862745098,28,1,12
0.18461621492745992,34,20986.151991904182,184.16583837643626,113674.47870248092,1,0.029411764705882353,16,0,7
0.8380210640327734,46,34703.27261230502,54.891221681989876,41410.978914186155,1,0.021739130434782608,25,2,11
0.8392336058714122,47,32531.442195884898,56.003477066671906,38763.273977936224,6,0.1276595744680851,29,0,6
0.7452104000201358,29,20699.789434557402,38.9151842207468,27777.107557809293,2,0.06896551724137931,20,0,3
2.1626879365931684,34,37967.22272939405,15.721177070770276,17555.5715121817,1,0.029411764705882353,14,0,8
0.09649466602836392,45,19477.79808027074,466.3470205365815,201853.6244743868,1,0.022222222222222223,25,0,10
1.1238351753204552,33,23356.01971342177,29.36373653778032,20782.42452836728,1,0.030303030303030304,19,0,9
2.8552247496919416,28,27107.21449226863,9.806583528326799,9493.898683525109,0,0.0,16,0,4
0.3321313977817713,38,18473.3021739706,114.41254953248384,55620.46315810401,1,0.02631578947368421,22,0,8
0.6042029005280618,27,17121.38751320602,44.68697514759118,28337.148825737604,2,0.07407407407407407,11,0,6
0.4482906279551327,26,17024.099831383446,57.998089584425166,37975.587196722096,1,0.038461538461538464,18,0,4
0.4003256905258213,34,24133.466901029617,84.9308470693988,60284.58195958071,0,0.0,22,1,7
0.630646620627201,31,14344.559049397307,49.15589648156581,22745.795474383292,2,0.06451612903225806,15,0,7
2.56507630558827,50,42857.574543042356,19.49259750716581,16708.109014017606,3,0.06,27,0,8
3.560529751484183,52,45236.44896432303,14.604568316926477,12704.97710220411,1,0.019230769230769232,33,0,9
0.6257831460031548,39,32818.79478162599,62.32190855425082,52444.3571087492,2,0.05128205128205128,27,0,6
3.758606102510058,41,24326.642283731817,10.908299215663895,6472.251047399218,2,0.04878048780487805,25,0,12
0.8423675680137838,37,28326.161866643386,43.923818300889955,33626.84289167681,3,0.08108108108108109,22,0,6
3.3299351234691312,34,19995.425733837183,10.210409133910918,6004.749339682606,0,0.0,25,0,4
0.7598464392598555,40,27605.30404244511,52.642215496808596,36330.10910643292,0,0.0,24,1,4
0.9092331389806505,33,37541.59948739502,36.294321648897004,41289.299606350956,1,0.030303030303030304,16,0,3
1.0967810571643983,31,23783.98020698711,28.264529002850345,21685.25801172922,0,0.0,14,0,4
10.413290713632547,39,20913.563436570043,3.74521379192297,2008.3529800230274,1,0.02564102564102564,17,1,8
1.6177373248499445,27,21126.42975562662,16.689977776524643,13059.246041433971,2,0.07407407407407407,16,0,1
0.4649564080300464,34,17227.008932492547,73.12513477135012,37050.804408699114,0,0.0,20,0,5
1.7774829601231235,38,20298.76891519732,21.3785453095808,11419.951341638323,1,0.02631578947368421,10,0,4
0.6129536058567214,42,23629.10909222714,68.52068345580064,38549.58820121611,5,0.11904761904761904,21,0,8
0.55333031212979,37,24790.89904837675,66.86783497832525,44803.07423057235,1,0.02702702702702703,20,0,4
1.6936417428009258,49,45014.066541096756,28.93173849090679,26578.269419985478,2,0.04081632653061224,29,0,10
0.8393466144303825,41,35018.57870136427,48.84751936221772,41721.23661346918,2,0.04878048780487805,24,0,9
1.0231240407861626,25,21103.478977112976,24.434964875607992,20626.51070235549,0,0.0,14,2,6
0.8279422921408661,39,21535.54954955439,47.10473226238398,26010.93065782214,0,0.0,21,0,6
1.071721786325833,38,24797.40980882016,35.456963257483835,23137.91706505541,2,0.05263157894736842,28,0,10
1.1502424174567665,33,26365.68657488614,28.689604468738306,22921.852102430512,1,0.030303030303030304,13,0,8
0.1738480658189295,41,26112.998507833512,235.83811419969047,150205.86156553138,1,0.024390243902439025,22,1,4
1.3955074811467745,27,18897.13910013666,19.347800255296686,13541.410100222263,0,0.0,14,0,5
0.37320943243000276,41,34007.227150871026,109.85788792379932,91121.02802291645,3,0.07317073170731707,25,0,10
0.25824686551864995,39,26801.615777966857,151.01828988969285,103782.92771972217,0,0.0,19,0,6
0.7813524151846182,35,27674.17541134276,44.79412787343876,35418.30149050464,2,0.05714285714285714,17,1,6
0.8756268953295157,37,38357.57151709032,42.25544029923404,43805.83981794622,1,0.02702702702702703,24,0,8
0.47010230786488133,49,35234.20539293468,104.23263017479968,74950.0795964223,2,0.04081632653061224,26,0,6
1.5917363845779329,35,33679.828201231,21.98856565641719,21159.174677131974,1,0.02857142857142857,18,0,12
0.27978323590862436,37,31475.404648267006,132.2452357799021,112499.2515939972,0,0.0,17,0,5
0.5912271428102167,33,16034.582558688608,55.81611128870814,27120.849835264908,1,0.030303030303030304,21,0,2
0.5127846497818851,34,18754.92138090723,66.30463687721938,36574.65446534858,2,0.058823529411764705,15,0,2
0.7887784340470769,30,17998.58223142256,38.03349420454553,22818.299099628202,0,0.0,17,0,5
1.0233600987485072,37,22056.799453227664,36.15540614222523,21553.3119575421,1,0.02702702702702703,24,1,10
0.36556383652820895,43,31551.157365133262,117.62651472414416,86308.2017761311,1,0.023255813953488372,28,2,11
1.4614456864017402,42,36146.709003498574,28.73866637042748,24733.528820011255,1,0.023809523809523808,26,0,12
0.8610539598910795,20,19518.570300137002,23.227348031161643,22668.231271598863,1,0.05,12,0,4
0.18022359533938734,22,17720.373351351325,122.07058658757079,98324.38043410063,0,0.0,12,0,4
0.17086642769316676,37,24781.77415668562,216.543416395658,145035.94703336028,1,0.02702702702702703,18,0,7
0.8107014370845967,38,14257.46989357166,46.87298956401714,17586.585198175606,0,0.0,24,0,4
0.6860712084561867,40,30508.244943004833,58.30298591017822,44468.04437640692,1,0.025,14,0,11
0.7537186748620198,34,25657.713585413345,45.10966907676029,34041.49909130273,1,0.029411764705882353,22,1,7
0.800606298504687,38,29751.232674206472,47.464028288277994,37160.87761209675,1,0.02631578947368421,20,0,7
0.9806377747860733,34,38390.1906219444,34.671313785987,39148.186628155585,1,0.029411764705882353,14,1,7
1.7473837824502358,40,38932.29513259012,22.891365023378413,22280.334476950477,3,0.075,19,0,10
0.3365919474433232,29,25848.017993264926,86.15773556164217,76793.33445021683,1,0.034482758620689655,15,0,4
0.32059479493648074,46,26534.00136300715,143.48330268154837,82764.9162808907,3,0.06521739130434782,23,0,11
0.3414141282136065,44,28937.081586361794,128.8757446278594,84756.54401817035,1,0.022727272727272728,28,0,10
1.0316230448705415,37,27118.334917856177,35.865813762083164,26287.058100043956,1,0.02702702702702703,27,0,10
2.2165632325804276,36,21975.361836412907,16.241359357968935,9914.15968351606,0,0.0,20,0,2
0.57980029680142,33,27722.759278411602,56.91614885685788,47814.32405493675,1,0.030303030303030304,22,0,4
0.11065258228659279,47,38269.44886436486,424.75285283689897,345852.28897095314,2,0.0425531914893617,27,0,9
0.20946590655131708,31,17177.242514754817,147.99544474988488,82004.95630799259,2,0.06451612903225806,19,0,9
0.4204501406264301,38,36686.22629021749,90.37932522363691,87254.64150293435,2,0.05263157894736842,17,0,12
0.5240421756616439,36,27662.970963081418,68.69676081805288,52787.6805490985,2,0.05555555555555555,16,0,8
0.5905441365293199,29,12724.24861400545,49.107252457768126,21546.65134563351,0,0.0,14,2,4
0.8443948165759098,57,42223.22227338061,67.50396719764301,50004.123005632886,0,0.0,29,0,9
0.6380127160915722,26,20816.046213719193,40.75153887100315,32626.38140072983,2,0.07692307692307693,17,0,6
1.8954792111428287,40,37004.10500233733,21.102842893161075,19522.29535665901,0,0.0,27,0,6
0.4767257769271607,37,25502.407155176737,77.6127530558375,53494.91969903123,0,0.0,19,0,8
0.4107155618981969,45,40456.29996632238,109.56487694798875,98501.98950180074,4,0.08888888888888889,24,1,12
1.2009350129082617,37,28996.365631889636,30.80932740098768,24144.824924098237,4,0.10810810810810811,21,0,7
0.23966488211250755,37,18991.73630380972,154.3822343676986,79242.88338119682,2,0.05405405405405406,21,0,7
1.1182370294098076,40,19810.7992309259,35.770591518608114,17716.100173665152,1,0.025,22,0,4
0.8887338647530851,37,35226.24873519466,41.632260755900894,39636.4425079959,3,0.08108108108108109,22,0,6
0.7276362647814036,33,31854.146019587708,45.35232999954153,43777.567943452246,0,0.0,20,1,8
2.9171901795295634,39,31516.822797441157,13.369028962756648,10803.828635719483,1,0.02564102564102564,22,2,7
0.4976959372326813,44,44845.99723174582,88.40739236219494,90107.21984411048,1,0.022727272727272728,23,0,6
4.255611804025976,40,37607.590913099564,9.399353569364205,8837.176097105781,3,0.075,17,0,5
0.6836254087618785,30,26191.595139190493,43.88368193384346,38312.787680941205,3,0.1,16,0,3
0.29475429854404683,47,27540.30480531314,159.4548416500074,93434.78599413074,2,0.0425531914893617,24,0,10
0.8658320427860958,38,40342.97265706123,43.88841960355574,46594.45557968104,0,0.0,18,0,8
0.34611085666477914,26,22009.890702734716,75.12044045813316,63592.02630864622,1,0.038461538461538464,17,0,5
0.44869824457658924,34,23138.666699376874,75.77475599906535,51568.43597908769,0,0.0,18,0,7
1.124824068658317,33,20780.47616848653,29.337921297649853,18474.42346541655,3,0.09090909090909091,18,0,4
1.2769388253369363,45,35829.94863026224,35.240529230620105,28059.25226747496,0,0.0,24,0,9
0.4977117622403957,40,17968.374589163126,80.36780127506798,36101.96895544608,0,0.0,28,2,4
1.803851526801798,34,29782.00044515952,18.848557929976362,16510.228254740323,2,0.058823529411764705,15,1,10
2.0668096912190164,40,23134.290134203005,19.35349934246136,11193.236722515205,1,0.025,17,0,4
2.5832321992428593,36,29401.54054518138,13.936029448127634,11381.687079387953,3,0.08333333333333333,28,0,7
1.250484061685056,39,25588.22523174572,31.18792249734603,20462.656035187683,0,0.0,24,0,1
2.43693955102684,34,23881.75747812481,13.95192588411707,9799.897362272235,2,0.058823529411764705,21,0,9
0.18183806469783506,36,22095.224024482377,197.97834991162117,121510.44425818419,0,0.0,17,0,5
0.6348762132205927,38,27397.19069072332,59.85418764901277,43153.59454364051,0,0.0,20,1,11
0.4091783292787997,38,41423.3560947587,92.86904335079812,101235.45928683404,1,0.02631578947368421,24,0,4
0.9006673313877479,48,47966.915177700255,53.29381707010691,53257.08339370192,1,0.020833333333333332,23,0,12
0.5183216023799689,36,29297.02362837056,69.45494811464422,56522.86822283287,2,0.05555555555555555,21,2,8
0.7168230410186472,44,32799.66941672558,61.38195549277189,45756.99655261547,0,0.0,25,0,7
3.690418639894951,41,36980.204787313494,11.109850670266255,10020.598852266297,0,0.0,23,0,6
0.7147833157338075,40,38135.78683757441,55.96101520491617,53352.93367672359,2,0.05,22,1,7
1.1400063741519944,31,18619.613427281987,27.192830411198074,16332.90291129502,0,0.0,17,1,8
0.6798959794302645,38,27970.31814539574,55.89090265226018,41139.113910975255,2,0.05263157894736842,23,0,10
0.869854459173105,44,18570.090821820802,50.583174617311236,21348.503334079327,3,0.06818181818181818,25,1,6
0.8226810856501606,29,27612.593015561873,35.250597717439256,33564.152011273945,0,0.0,12,0,5
1.171938543834329,41,45989.87902183232,34.984769649999635,39242.56887341839,2,0.04878048780487805,23,0,6
2.079746535671555,35,26754.520535125437,16.828973819494024,12864.317875392608,1,0.02857142857142857,15,0,4
3.0584712452870715,35,12862.436213110997,11.443625652499755,4205.51157148568,1,0.02857142857142857,19,1,8
1.0488518246488783,41,35243.61201233849,39.09036437413405,33602.08866885169,0,0.0,20,1,7
1.3121112863377313,37,21728.766153447123,28.19882763395145,16560.15490431064,3,0.08108108108108109,22,0,6
0.3260542151346338,40,25223.88402001589,122.6789844857036,77361.01190901789,2,0.05,19,0,11
0.7631494510576335,47,40550.83625763189,61.58688830197498,53136.16645000962,2,0.0425531914893617,28,1,11
1.7371252155464134,39,31036.969961099323,22.450885895253403,17866.858234129446,4,0.10256410256410256,28,0,10
1.6368520420951993,38,25161.335976683964,23.215293149745737,15371.783966788478,1,0.02631578947368421,24,0,4
0.9697546149524142,37,23423.626486872916,38.153981872842735,24154.178929091573,3,0.08108108108108109,26,1,11
1.6638183431412452,28,21634.213718313,16.828760252238077,13002.749853970341,2,0.07142857142857142,11,0,6
1.212413943884757,37,25022.959420267634,30.51762987931863,20638.95713710641,3,0.08108108108108109,8,0,7
2.1388001764831275,28,15409.444846640843,13.091452071058349,7204.714594693416,3,0.10714285714285714,14,0,1
1.0319882956448927,44,30366.09960269139,42.636142469527,29424.84883873176,5,0.11363636363636363,28,0,12
0.6159689931833441,24,19467.040132462396,38.96300019253788,31603.928684553124,0,0.0,10,1,5
1.0710859127262036,36,25845.889535008773,33.610749214664075,24130.547538641404,2,0.05555555555555555,18,0,9
0.07851422183878608,41,20318.306544928393,522.1983869901386,258785.04644226297,3,0.07317073170731707,24,0,9
1.1121650255710096,32,29697.012219123106,28.772708423887458,26701.983551295383,2,0.0625,18,0,8
0.04421327214616496,30,7710.418240505998,678.5292864283556,174391.4862264904,0,0.0,15,0,7
0.20622845374313284,45,30134.442244269674,218.20461329768588,146121.65148560697,4,0.08888888888888889,31,0,13
1.175172424108939,45,28726.392518113284,38.29225318499176,24444.40656433437,1,0.022222222222222223,25,0,7
1.1996423489315897,34,26406.854732573058,28.341780390030955,22012.272871236328,1,0.029411764705882353,17,0,5
0.3230516620532427,29,24681.874636730277,89.76892369376034,76402.25244426203,1,0.034482758620689655,18,0,7
0.46316049962713207,45,42876.794946914386,97.15854447049631,92574.37752449184,1,0.022222222222222223,25,0,9
2.450844823144863,34,21140.08217508478,13.872767332683285,8625.630629669304,2,0.058823529411764705,18,0,7
0.5558681766168507,33,28234.29908376088,59.36659335464399,50793.156132091804,0,0.0,16,0,8
4.9250589786974475,37,29054.15046329053,7.512600389160325,5899.249245330787,2,0.05405405405405406,15,0,8
0.8174742439806811,39,17234.99358621377,47.70792509631858,21083.225206323536,3,0.07692307692307693,18,0,10
1.1347688133470697,41,44775.98708510373,36.13070743376178,39458.24608365313,1,0.024390243902439025,22,0,7
2.984700834276296,46,22586.94194645115,15.411929889835566,7567.573167488938,2,0.043478260869565216,25,0,12
0.9092108013224136,44,36322.41839669294,48.39361777929125,39949.39165247852,0,0.0,23,1,6
0.36719024571241515,44,36088.48275804616,119.82889119135527,98282.79258352304,3,0.06818181818181818,24,0,10
0.7499250870638094,42,33583.81407440783,56.00559405799197,44782.89185643719,4,0.09523809523809523,28,1,12
0.7957353773272058,33,21812.21331996005,41.47107309824988,27411.39069777827,0,0.0,17,0,5
0.27477757637554673,34,30562.786224979878,123.73644330253202,111227.36661454792,2,0.058823529411764705,17,0,6
0.6671998471211064,43,20172.75575168044,64.44845601440146,30234.952598870717,2,0.046511627906976744,24,0,7
0.4521444026878951,41,30264.183539586447,90.67899493229237,66934.77428819818,2,0.04878048780487805,19,0,9
1.715125414186864,42,27237.107445263413,24.48800516428245,15880.533994755391,2,0.047619047619047616,22,0,8
0.841717778670114,35,21983.0229649777,41.58163328247484,26116.85712485501,1,0.02857142857142857,20,0,4
0.6529618335185543,47,38877.206281857,71.97970476579849,59539.78362313006,2,0.0425531914893617,33,0,13
0.7520552067480992,35,33038.114819134,46.53913660320318,43930.43824799968,0,0.0,24,1,5
0.9787271429329119,42,28904.98644051329,42.91287955306962,29533.242895353746,1,0.023809523809523808,24,0,9
1.3410479489187233,43,38292.47163602552,32.06447616930519,28554.140563654302,3,0.06976744186046512,24,1,9
0.36796414304601116,43,32634.992750541194,116.85921254186762,88690.68730553029,0,0.0,27,1,4
0.3558414166954306,50,29465.410116857925,140.51203051160192,82804.8921075361,2,0.04,31,0,6
1.981280538586023,33,23217.764566148082,16.655894688972744,11718.564894761375,0,0.0,20,1,11
0.5886817889555804,37,25755.423967327843,62.852292518924635,43751.01192279492,3,0.08108108108108109,18,2,8
0.2635601472929241,48,29980.858355952943,182.12161623453713,113753.38291426828,2,0.041666666666666664,24,0,5
1.1677165410628525,30,24813.807814741504,25.6911664304199,21249.855544699265,1,0.03333333333333333,17,0,8
1.1861299265974563,31,24559.32572739256,26.135416791081983,20705.42625784991,0,0.0,20,0,6
0.24061137334327293,40,18547.32217246019,166.24318062859487,77084.14575232605,1,0.025,26,0,4
0.983719358259784,39,17656.28751341971,39.645453423821664,17948.500621817566,4,0.10256410256410256,26,0,9
1.4747175411711353,39,32231.284861504395,26.445742259923524,21855.90390137231,1,0.02564102564102564,22,0,8
1.1046285905993165,35,21113.695498594432,31.684857967518965,19113.841229783116,1,0.02857142857142857,24,0,5
1.3574191146634769,34,27348.491869213984,25.047532948899924,20147.41915284879,2,0.058823529411764705,20,1,10
0.26622451669772756,39,34732.1396783265,146.49289435758752,130461.83765923226,1,0.02564102564102564,16,0,6
1.0669798890292517,36,18764.225613611976,33.74009235802292,17586.297367501316,1,0.027777777777777776,20,0,6
0.6426880581205884,40,19836.93176705147,62.23859226040691,30865.56769867574,1,0.025,19,0,6
0.5564198593571309,45,47312.89662740189,80.87418024941006,85030.92733258235,0,0.0,29,1,11
1.6428696306262807,39,31718.026896396463,23.7389499890705,19306.478313988424,2,0.05128205128205128,23,0,9
2.6735832357260545,39,26306.93059015364,14.587165074518028,9839.5779262169,3,0.07692307692307693,16,0,11
3.440084529733273,38,22111.847303899558,11.046240193099653,6427.70464294783,3,0.07894736842105263,22,0,6
2.3439705255337753,43,28299.187829457656,18.34494057480007,12073.184163872234,3,0.06976744186046512,22,0,11
0.7499210495164697,43,23034.97011848298,57.339369294574844,30716.526937516093,1,0.023255813953488372,17,1,9
1.0856470084558452,33,29997.468314098107,30.396620395921403,27630.959308555168,1,0.030303030303030304,18,0,5
1.512037830214369,43,26237.946071087077,28.438441909818934,17352.704771524925,2,0.046511627906976744,25,0,4
0.9020749758757856,34,32192.431679883553,37.69088036944032,35687.09091905505,4,0.11764705882352941,18,0,9
0.9090195756474907,32,21692.377422124737,35.20276224767386,23863.4876555583,2,0.0625,22,1,5
1.5824946677194527,33,18552.49990931315,20.853150834028778,11723.578150218555,1,0.030303030303030304,22,1,7
0.7808079072504452,33,22217.768567198018,42.263916250806105,28454.84575769241,2,0.06060606060606061,25,0,7
0.4568365781445296,34,9440.099321691328,74.42486356520122,20664.06188408311,2,0.058823529411764705,15,1,1
0.5876766174659277,30,21847.849685960362,51.048483312745276,37176.65300377049,3,0.1,15,0,12
1.3595153856798956,45,32372.034551845718,33.10002996214378,23811.45141336993,3,0.06666666666666667,27,1,11
0.8206936620098649,46,41328.86994141717,56.050146515505894,50358.46120732,1,0.021739130434782608,28,1,9
1.0748358814378094,32,13134.883614815735,29.771987102992465,12220.362049362535,1,0.03125,16,0,7
1.399427736987549,31,29733.214293618596,22.15191194275708,21246.694993785975,1,0.03225806451612903,13,0,6
0.6066075906817369,35,31419.775558485235,57.69792620080009,51795.88261197667,1,0.02857142857142857,21,0,8
1.4993002974388467,34,33162.506609835815,22.677244884216925,22118.655393109093,3,0.08823529411764706,20,0,4
1.1085735322283896,33,24436.835026535424,29.767984748531145,22043.494920372064,1,0.030303030303030304,15,0,6
0.3048759002718599,34,31705.048624708863,111.52078589905588,103993.29234103863,1,0.029411764705882353,15,0,6
2.59566782179636,33,16010.810432652983,12.713491195942781,6168.281741680077,1,0.030303030303030304,14,0,6
0.5484847542492179,41,36012.291031209454,74.75139405856778,65657.77945916497,2,0.04878048780487805,24,0,8
0.21782217184753194,36,22002.865301592356,165.272431610859,101012.97363334347,1,0.027777777777777776,23,0,5
0.35485892329168894,31,14035.177775080016,87.35865992164567,39551.42974816305,0,0.0,17,0,11
0.36173762290940553,39,21358.53356248619,107.81294930377551,59044.26913270029,3,0.07692307692307693,23,0,3
0.8536266616910138,27,20276.881333738256,31.629752457021027,23753.805080982645,1,0.037037037037037035,12,0,1
0.6576513150582208,42,25268.29798587492,63.86362961394186,38422.02913201498,1,0.023809523809523808,29,1,7
0.6253363749443059,33,26983.87677827305,52.77159833048104,43150.97899218849,0,0.0,17,2,7
1.3441496362324417,45,19103.27580446746,33.478415488123694,14212.164545915155,2,0.044444444444444446,20,0,7
1.074548194397634,38,13950.652801667506,35.36370001654685,12982.807913504435,2,0.05263157894736842,15,0,8
1.0542591539563841,25,24925.743453646093,23.71333453087027,23642.89971787838,2,0.08,13,0,6
1.1363970395285086,34,31031.25679193678,29.919120533881898,27306.703302229347,0,0.0,14,2,4
1.3403191193811363,36,20200.556503278523,26.859275137865847,15071.452918321196,4,0.1111111111111111,24,0,13
0.15162230690554324,41,30727.86263118742,270.40876000878905,202660.56662975115,2,0.04878048780487805,24,1,7
0.6116771906962889,48,44808.541000139434,78.47276427842648,73255.20990758645,1,0.020833333333333332,34,1,11
0.14310623082815538,39,32192.78827020005,272.5248214162801,224957.27882636883,1,0.02564102564102564,15,0,5
0.8426934249786191,44,34173.92692177315,52.21353186791077,40553.21414503764,1,0.022727272727272728,20,0,10
0.8157018442150549,43,40726.4925893595,52.715339930828094,49928.16048926598,3,0.06976744186046512,30,1,11
1.8897146140852625,52,32160.53123211658,27.517382578517648,17018.723881586873,1,0.019230769230769232,36,1,7
2.117227636362907,41,30980.09695114496,19.36494654416665,14632.388326634691,1,0.024390243902439025,24,0,5
0.9629247982082775,48,35845.787765153735,49.848129458618175,37225.94727215698,3,0.0625,29,0,8
0.5486531282070153,38,26634.30759393007,69.26051825163752,48544.89334813477,3,0.07894736842105263,18,0,3
1.2069890741903342,32,21754.720254216467,26.51225324592608,18023.95789606451,2,0.0625,20,1,12
0.5366902804187573,43,32814.000160792515,80.12069822924475,61141.40940877316,2,0.046511627906976744,21,0,9
0.8178190957686391,31,23441.993827599246,37.90569352121107,28664.033340487054,0,0.0,17,0,7
1.8020214338046783,44,24696.453071126554,24.417023668304033,13704.860890019476,3,0.06818181818181818,25,0,14
0.5240243759306011,27,24146.728122116176,51.524320699874714,46079.39865246657,0,0.0,18,0,7
1.5597770765361467,33,18950.271865868424,21.156869463221174,12149.346307840335,0,0.0,10,0,9
1.4076492225050947,27,19189.385459500736,19.180914938417676,13632.221119229356,3,0.1111111111111111,14,0,4
0.3814278936071436,36,25086.58253677407,94.38219019471778,65770.18345336932,0,0.0,20,1,6
1.7844590258982291,36,29320.51141003172,20.17418134993543,16431.036512745304,0,0.0,21,1,6
1.4316864374456666,33,12162.522595109042,23.049739898966088,8495.2418888655,2,0.06060606060606061,14,1,6
0.888287977033788,48,43697.46080099052,54.03653009048237,49192.899071883294,1,0.020833333333333332,23,0,9
0.4449208995562656,27,16959.82691060488,60.6849442831928,38118.746337875964,0,0.0,13,0,3
0.4117393337807282,37,35874.95554321518,89.86268001226318,87130.2608225436,2,0.05405405405405406,19,0,6
0.532522535810897,40,26557.21254348369,75.11419200145234,49870.589050365306,2,0.05,18,0,8
1.2637399902310362,40,29648.326182715122,31.652080577656818,23460.780233198788,3,0.075,24,0,7
0.381173687922835,43,47062.7039501296,112.80946550724389,123467.87157999478,0,0.0,22,0,6
1.161845627476855,41,28703.244019102727,35.288681241619386,24704.868994891083,2,0.04878048780487805,23,0,7
0.3031873271449689,48,46703.66300357868,158.31796286475003,154042.26635517436,3,0.0625,26,0,9
0.695409173678073,37,28010.04026985997,53.206085568736654,40278.50268599808,0,0.0,12,0,9
0.8937923545944121,52,42888.32025154706,58.179061090309645,47984.657768760015,1,0.019230769230769232,21,0,12
5.789836865934515,34,25928.14656719761,5.872358891499129,4478.217118646338,0,0.0,19,0,5
0.27202738858822967,32,28883.625367488716,117.63521374106448,106179.10761629272,1,0.03125,17,0,3
2.6581001896192062,38,23810.963768085127,14.295924641367186,8957.887991233405,0,0.0,17,1,6
0.9229999775425878,40,22914.850634261864,43.33694579982195,24826.49099870055,2,0.05,15,0,5
1.137619059903599,35,22226.970000624762,30.766010550988728,19538.14838730661,4,0.11428571428571428,17,0,6
0.9000349624106279,34,26110.227503103437,37.776310276809,29010.236928097274,0,0.0,23,1,12
1.168570789359344,40,28410.104744037628,34.22984757468527,24311.838874231278,2,0.05,23,1,6
0.7240114415397336,48,42136.77493271096,66.29729482992676,58199.04564367096,1,0.020833333333333332,22,1,8
2.620172473446235,38,37424.364826779194,14.502862076869212,14283.16845782142,0,0.0,19,1,9
0.5682596040003686,38,21825.26577331254,66.87084517796438,38407.20969723969,2,0.05263157894736842,19,2,8
2.0254414114020594,36,22244.01183034172,17.773903405618597,10982.303267386973,1,0.027777777777777776,19,0,3
0.4889506591311711,36,17693.168569332705,73.62706098805413,36186.00003683838,4,0.1111111111111111,20,2,5
0.7802027344408196,40,44618.68553346555,51.26872572251169,57188.57876785613,2,0.05,23,2,12
0.3472987071434032,42,33803.30141336101,120.93336121363033,97332.06809607639,0,0.0,20,0,5
1.178236673427266,38,31781.847869152793,32.251584810601116,26974.077947094833,1,0.02631578947368421,23,1,8
2.6015326849128275,41,20859.262118470866,15.759940375830347,8018.066518802865,1,0.024390243902439025,21,1,10
0.7695995657717598,33,24743.050265299167,42.87944207310898,32150.55122917938,3,0.09090909090909091,16,1,5
0.6994167126352566,48,40399.90258532906,68.62861457677496,57762.27798891255,2,0.041666666666666664,23,1,11
0.33564756927951117,37,26066.633781040728,110.23467287256943,77660.72561465115,1,0.02702702702702703,22,0,5
0.6815169729713788,35,33026.945436406284,51.35602103554635,48460.92870205493,1,0.02857142857142857,17,0,6
0.22895371636987166,33,38482.2768863184,144.1339346800073,168078.8479718355,2,0.06060606060606061,22,0,5
0.39443441955873965,40,23181.14764492355,101.4110280861104,58770.60037219035,2,0.05,25,1,15
0.9816002183792695,43,24339.044716140368,43.80602122419834,24795.272311905985,0,0.0,24,1,6
2.351869533843277,40,23680.156328194247,17.00774614594991,10068.652188158427,0,0.0,27,1,5
7.74748821066794,40,41564.63395211873,5.162963648647031,5364.917354102729,0,0.0,17,1,12
0.5120832507410996,52,48756.44576739785,101.54598871324986,95211.95176143001,2,0.038461538461538464,24,2,8
2.5811631361760807,41,29749.804704682872,15.88431177610119,11525.735931885481,1,0.024390243902439025,28,0,11
0.9950144536191157,32,24210.583666949035,32.1603368509955,24331.89144025909,0,0.0,15,1,7
0.7254246166753422,36,21708.797302245242,49.626107485833366,29925.641897483107,1,0.027777777777777776,20,0,8
1.1572836306963648,35,31857.171093782057,30.243234304575516,27527.539704862884,1,0.02857142857142857,18,0,9
0.8603062804699839,39,26583.089194757955,45.332692420534656,30899.56425778463,0,0.0,18,0,9
0.8943273392759964,43,30237.007584618306,48.080829145635526,33809.776640728334,4,0.09302325581395349,23,0,5
0.5905703404648903,41,35242.868513885915,69.42441431739573,59675.98793759796,2,0.04878048780487805,26,0,17
0.2675395888650743,36,25781.792801220727,134.5595250135319,96366.27203693213,1,0.027777777777777776,28,0,11
0.23813913815895468,40,28308.244846815505,167.96902982533067,118872.71057443792,1,0.025,22,0,11
1.3807073034874124,50,37595.17684976167,36.21332332617435,27228.925895302484,1,0.02,22,1,11
0.6561537962135708,38,33940.23103034464,57.91325177006431,51726.03012617102,3,0.07894736842105263,20,0,8
0.5082046187312017,39,40808.38138989651,76.7407429262814,80299.11552512036,2,0.05128205128205128,22,1,8
0.8243208048044359,35,29938.563263150318,42.459197676447694,36319.067878255264,1,0.02857142857142857,25,0,2
1.5464249798512435,28,25048.703687066303,18.10627761761416,16197.813675692069,3,0.10714285714285714,12,0,5
0.9458144738711415,41,29275.077021693705,43.34888197702277,30952.240455650044,3,0.07317073170731707,24,0,9
0.48440015403458686,57,35487.993923888964,117.67130857668992,73261.73129448482,4,0.07017543859649122,29,1,13
2.1837298704010824,48,41650.44104651139,21.98074068162282,19073.073831637204,1,0.020833333333333332,25,1,8
2.8960519195532783,30,23424.700452843084,10.358930306963405,8088.494648416521,0,0.0,18,0,6
1.2160955092592314,37,18275.293199326672,30.42524186487463,15027.843668676012,2,0.05405405405405406,25,1,8
1.7841298351770536,47,32474.530985819438,26.343374273170994,18201.887746917662,2,0.0425531914893617,27,0,9
2.2112721810697598,34,24992.670216292892,15.375764363639588,11302.394354819788,2,0.058823529411764705,20,1,11
2.021984496425657,29,19085.409934111343,14.342345379632961,9438.949689203546,2,0.06896551724137931,15,2,7
1.3381383295688063,30,30501.372210527486,22.41920684662476,22793.885756456933,1,0.03333333333333333,14,0,1
1.32138131163308,41,34291.212092338355,31.02813672256994,25951.03456545654,1,0.024390243902439025,25,0,3
1.2407654141709585,35,34901.00198269848,28.208394270391498,28128.606410276403,1,0.02857142857142857,19,0,8
0.3403195874958512,38,30301.828789700772,111.65974982401875,89039.33215442729,1,0.02631578947368421,26,0,7
1.4341588720669085,37,28292.042990591017,25.79909431280485,19727.272578815868,2,0.05405405405405406,23,0,10
0.27674710257886914,45,26163.55767735698,162.60332838417202,94539.59023798894,3,0.06666666666666667,22,0,6
0.4335797360720098,35,26325.156059138368,80.72332973187459,60715.83579442521,1,0.02857142857142857,17,1,2
2.3229828109279897,37,27836.939144998432,15.927797582462166,11983.27383829331,2,0.05405405405405406,18,2,7
1.6034797799993592,40,20156.78003495352,24.945746431561478,12570.648090717787,1,0.025,25,0,10
2.691015500215193,32,20892.321774122523,11.891421657527074,7763.731488150783,2,0.0625,17,0,11
0.6587972157384289,34,23521.510497079864,51.60920414924686,35703.71873948375,0,0.0,19,0,10
0.3256933211595784,31,25557.215855830927,95.18156494468329,78470.18712216325,2,0.06451612903225806,10,0,6
0.6754678225981576,38,31655.63476598223,56.25730601619875,46864.7561096548,2,0.05263157894736842,20,1,10
0.8883628876469357,37,23878.418910111737,41.649646236353135,26879.127034854024,1,0.02702702702702703,16,0,4
0.8721367648665939,37,30872.671552928954,42.4245387770801,35398.887877007895,1,0.02702702702702703,24,0,8
2.027785646205679,37,26537.354330538878,18.246504540178147,13086.863683148484,3,0.08108108108108109,21,0,11
0.6132293067434997,34,7937.925447887665,55.444186417889924,12944.465244235176,0,0.0,17,0,6
1.0850516368668606,37,24521.88446720273,34.09975962696052,22599.739619775944,2,0.05405405405405406,21,0,12
0.37124178407505015,26,24549.66683586633,70.03521994373307,66128.51216904877,3,0.11538461538461539,13,0,4
1.1738087721840471,31,13865.523878017548,26.409753219274258,11812.42141530316,2,0.06451612903225806,17,0,3
0.8207693393540394,31,23878.816898318713,37.76944205103662,29093.212615753633,1,0.03225806451612903,10,0,6
0.44939606713952945,31,32095.757575153904,68.98146705492876,71419.75625075673,1,0.03225806451612903,20,1,9
0.677962372926797,45,27589.035080615107,66.37536506005898,40694.05055845781,6,0.13333333333333333,20,0,8
0.706564633325731,36,27013.926041171406,50.95075284273924,38232.77413988227,1,0.027777777777777776,21,1,9
0.6595984069538237,49,25248.576611249733,74.28762635478944,38278.71072013869,0,0.0,27,0,7
3.377287909663311,26,27115.441742985517,7.698484907255655,8028.7622696901535,0,0.0,14,0,6
0.7567239146974263,28,20580.003559937064,37.00160581180484,27196.18497608327,2,0.07142857142857142,17,1,6
0.673601298642876,34,25785.35627789939,50.47496207103636,38279.849415150915,1,0.029411764705882353,13,0,5
0.15290159016200097,40,39750.96335164048,261.60617399478673,259977.43587574127,1,0.025,18,0,9
0.4003701112385914,34,29548.247775230346,84.9214240663896,73802.33175703205,1,0.029411764705882353,13,0,8
0.6633458773284676,37,21918.312641571712,55.777839682990574,33042.057530898725,2,0.05405405405405406,12,1,7
0.4729894756537111,36,22805.639051914193,76.1116300743161,48215.95453132417,1,0.027777777777777776,18,1,5
2.4728370004530182,51,42793.469375523884,20.624084802458437,17305.41453710221,4,0.0784313725490196,28,1,7
0.717523040034937,37,23593.353773280818,51.566288377580776,32881.66714776438,2,0.05405405405405406,17,0,12
2.295051766470923,26,9591.301299275934,11.32872050201287,4179.121987311152,3,0.11538461538461539,19,0,6
0.8601604883712518,24,17769.999749879185,27.901769872555942,20658.935152354403,2,0.08333333333333333,11,0,6
0.8434811447242471,37,17891.78367690877,43.86582940404214,21211.83595960286,1,0.02702702702702703,20,0,9
0.7625881594981236,27,28105.129322319706,35.405742488539694,36854.92486641325,1,0.037037037037037035,14,0,7
0.8212210189934634,38,29709.227442299965,46.27256137035438,36176.896054990575,0,0.0,22,1,5
3.23825952698327,35,20547.397142515474,10.80827515779924,6345.197774082431,5,0.14285714285714285,20,0,7
0.12800466359363313,32,19975.877291544268,249.9908917505382,156055.8555503899,0,0.0,23,1,7
0.16509460668468748,27,11067.527722932748,163.54259259096833,67037.48805114214,1,0.037037037037037035,15,0,3
0.530181082951166,32,17667.099532144297,60.35673664906574,33322.76480670206,2,0.0625,18,1,4
0.8283018031514033,28,26122.268940805123,33.80410364129311,31537.13880788244,0,0.0,17,0,6
1.4220273146500235,34,39158.531210413435,23.90952666641834,27537.116064504553,3,0.08823529411764706,21,0,9
1.1953867323457208,41,36110.80626740831,34.29852355776548,30208.47169396608,0,0.0,22,0,9
0.6020608673049466,44,32271.02309412145,73.08231175522292,53600.93114601323,1,0.022727272727272728,26,0,4
1.8500912359305308,38,25545.397870527213,20.539527598425348,13807.642225643416,1,0.02631578947368421,18,0,12
1.8666704251089403,37,21379.737881581426,19.821388662029428,11453.407947111868,1,0.02702702702702703,24,0,5
0.9486135940627395,30,33622.7358564346,31.625100238670896,35444.07972526995,1,0.03333333333333333,16,0,4
1.7684899696731078,33,23628.832710925613,18.659987088363188,13361.021615120173,3,0.09090909090909091,21,0,11
1.0182813047439072,48,54279.041731740035,47.138251263556064,53304.56473949598,1,0.020833333333333332,26,1,12
0.5224706748400253,38,38031.67344573282,72.73135475332693,72791.97719063888,2,0.05263157894736842,21,1,11
1.4308282482731947,32,13973.012555445464,22.364668882250143,9765.68122156443,3,0.09375,17,0,8
0.8944828920427482,27,17013.471356609843,30.185037903116925,19020.454731957863,2,0.07407407407407407,15,1,6
0.8196088025684666,32,20146.300084758783,39.04301649728421,24580.385205264858,0,0.0,18,0,5
2.660097716783218,34,25011.340251672875,12.781485351265687,9402.414089478785,3,0.08823529411764706,21,0,6
0.11524468643749274,40,29565.737377580976,347.0875858705685,256547.51027169533,0,0.0,22,1,12
0.2633826566148387,37,47704.95237535164,140.48001670097614,181124.1217948289,2,0.05405405405405406,21,0,10
0.31674560312284833,37,20575.66235599811,116.81298693718479,64959.58318959816,2,0.05405405405405406,19,0,6
0.6122537133655617,39,30857.36894836402,63.69908282894163,50399.64360320644,2,0.05128205128205128,22,0,7
0.6678534365954406,29,24968.170415681932,43.4227008665781,37385.703280893154,0,0.0,14,0,5
0.2451560044507141,34,25490.379332648517,138.68720073236193,103976.15750738456,0,0.0,19,0,6
0.3722735200822034,35,26944.137640022556,94.01689379430343,72377.26076803126,2,0.05714285714285714,21,0,10
0.41120091369659534,36,20229.638364893315,87.54844359748336,49196.48203850966,0,0.0,22,0,2
5.847061770765889,37,28459.19805605386,6.327964617201825,4867.264819801292,1,0.02702702702702703,25,0,7
3.4604324202021974,32,26945.65821796438,9.247399201666882,7786.789321662266,2,0.0625,17,0,10
0.5889585129978522,35,28313.88368090811,59.42693624012128,48074.49600615819,2,0.05714285714285714,16,0,7
0.6120957023873353,50,42631.80813520883,81.68657254900951,69648.92576264379,1,0.02,25,1,10
0.32648763650024154,38,38162.238040351825,116.3903185043636,116887.23790410235,1,0.02631578947368421,21,1,6
0.17790522210523463,43,39502.121034417,241.7017302311936,222040.2558562934,4,0.09302325581395349,26,0,5
0.7456461290773302,35,26699.156065033854,46.939156035463284,35806.73864433743,1,0.02857142857142857,16,1,5
0.3685121536095645,30,16172.504899830301,81.40844123090915,43885.94715648085,0,0.0,21,0,3
0.7649992501672525,29,18617.972466007956,37.908533888967476,24337.24276453538,0,0.0,17,0,3
0.22760020426999444,33,23445.39095761055,144.99108252492258,103011.2913686056,1,0.030303030303030304,15,0,4
0.4450451387137973,47,37384.84573314864,105.60726522220274,84002.36848152688,7,0.14893617021276595,27,0,8
0.9221030223530414,35,23236.503602553814,37.956713243045535,25199.46582894656,1,0.02857142857142857,23,1,2
1.0974262639324144,36,20936.4488692854,32.80402627781203,19077.772746447394,0,0.0,22,2,11
1.1433671701939176,40,21444.969438333574,34.98438738031626,18755.977954742622,1,0.025,21,0,5
0.2846795300578852,30,13583.640101100133,105.3816549222909,47715.549124090896,0,0.0,19,0,5
1.6221437616600902,35,24769.810566220214,21.57638603139666,15269.799848609577,1,0.02857142857142857,18,0,10
0.4316374162992324,41,19903.86903752115,94.98713144825417,46112.473770630684,5,0.12195121951219512,23,0,5
1.3583711955840438,38,21656.40432036344,27.974680355071545,15942.920750062043,2,0.05263157894736842,22,0,7
0.8117921525968944,38,25805.71118974497,46.81001150163788,31788.569410523876,0,0.0,23,2,10
0.2722294507756605,26,13247.906992048089,95.50766798345467,48664.488556623706,1,0.038461538461538464,12,1,5
0.6357447302995995,28,22913.951030033433,44.04283459306817,36042.69125319381,0,0.0,16,1,4
1.0966839037063496,44,38862.56666375704,40.120949939447215,35436.43390079605,0,0.0,22,0,10
1.3369251384653587,32,20835.300366093703,23.935521204076124,15584.49292831034,1,0.03125,18,0,7
0.7314032586219594,39,26182.06830057779,53.32215783872784,35797.035345327226,1,0.02564102564102564,26,0,7
2.7882749649544327,40,33869.49434500136,14.34578745021788,12147.11417299365,2,0.05,22,1,4
1.83310017239585,33,20508.869122426007,18.0022895076537,11188.078770196747,3,0.09090909090909091,18,0,2
0.6667612166963885,38,23146.1000446745,56.99191711881377,34714.22672025949,1,0.02631578947368421,21,0,10
1.4919700826085098,46,44407.007399382484,30.831717429330194,29764.00660912904,4,0.08695652173913043,22,0,8
3.84600438822682,41,37275.30551170037,10.660414253688055,9691.956053353842,2,0.04878048780487805,18,1,5
3.9290107656715882,47,40339.11301982956,11.96229860468867,10266.989689180546,1,0.02127659574468085,23,1,9
0.3065421831100541,34,31164.94508293185,110.91458818179485,101666.0896935776,2,0.058823529411764705,18,0,10
0.3901490283301561,42,16551.772836222735,107.65117160424737,42424.23185587461,0,0.0,23,0,3
2.68568288615527,42,41734.99673375589,15.638480706903463,15539.808124369538,2,0.047619047619047616,22,1,4
0.3511208402073062,38,31181.7048774328,108.22484925008814,88806.19236107639,2,0.05263157894736842,23,0,7
